SourceFolder,Dataset,Link,Fold,Model,fit_elapsed_sec,success,nit,llf,aic,bic,grad_norm_inf,cov_status
C2_identity_NB,C2,identity,,Poisson,0.1093182563781738,True,29,-3526.904000784989,7059.808001569978,7079.699567200148,9.700982582216966e-05,not_computed
C2_identity_NB,C2,identity,,NB,0.2992522716522217,True,34,-2939.450897497194,5886.901794994388,5913.423882501281,0.036799884449806,not_computed
C2_identity_NB,C2,identity,,ZIP,0.4279775619506836,True,21,-2843.3676581344,5696.7353162688005,5729.887925652417,2.083284280907094e-05,not_computed
C2_identity_NB,C2,identity,,ZINB,1.2913429737091064,True,45,-2843.366820286362,5698.733640572724,5738.516771833063,0.0013320200490127,not_computed
C2_identity_NB,C2,identity,,P+NB,0.9422206878662108,True,46,-2852.7501817342063,5721.500363468413,5774.544538482199,1068.120085966574,not_computed
C2_identity_NB,C2,identity,,Z+P+NB,1.376481294631958,True,73,-2843.3676414661363,5706.735282932273,5773.040501699505,0.0050455309340122,not_computed
C2_identity_NB,C2,identity,,ZIP--ZINB,2.095088005065918,True,87,-2843.366477897608,5710.732955795215,5790.299218315894,0.0079804079419361,not_computed
C2_identity_P_plus_NB,C2,identity,,Poisson,0.1285879611968994,True,29,-3526.904000784989,7059.808001569978,7079.699567200148,9.700982582216966e-05,not_computed
C2_identity_P_plus_NB,C2,identity,,NB,0.2998125553131103,True,34,-2939.450897497194,5886.901794994388,5913.423882501281,0.036799884449806,not_computed
C2_identity_P_plus_NB,C2,identity,,ZIP,0.4409754276275635,True,21,-2843.3676581344,5696.7353162688005,5729.887925652417,2.083284280907094e-05,not_computed
C2_identity_P_plus_NB,C2,identity,,ZINB,1.315295934677124,True,45,-2843.366820286362,5698.733640572724,5738.516771833063,0.0013320200490127,not_computed
C2_identity_P_plus_NB,C2,identity,,P+NB,0.9522712230682372,True,46,-2852.7501817342063,5721.500363468413,5774.544538482199,1068.120085966574,not_computed
C2_identity_P_plus_NB,C2,identity,,Z+P+NB,1.3993306159973145,True,73,-2843.3676414661363,5706.735282932273,5773.040501699505,0.0050455309340122,not_computed
C2_identity_P_plus_NB,C2,identity,,ZIP--ZINB,2.140834093093872,True,87,-2843.366477897608,5710.732955795215,5790.299218315894,0.0079804079419361,not_computed
C2_identity_Poisson,C2,identity,,Poisson,0.1331884860992431,True,29,-3526.904000784989,7059.808001569978,7079.699567200148,9.700982582216966e-05,not_computed
C2_identity_Poisson,C2,identity,,NB,0.302891731262207,True,34,-2939.450897497194,5886.901794994388,5913.423882501281,0.036799884449806,not_computed
C2_identity_Poisson,C2,identity,,ZIP,0.438051700592041,True,21,-2843.3676581344,5696.7353162688005,5729.887925652417,2.083284280907094e-05,not_computed
C2_identity_Poisson,C2,identity,,ZINB,1.3101508617401123,True,45,-2843.366820286362,5698.733640572724,5738.516771833063,0.0013320200490127,not_computed
C2_identity_Poisson,C2,identity,,P+NB,0.954470157623291,True,46,-2852.7501817342063,5721.500363468413,5774.544538482199,1068.120085966574,not_computed
C2_identity_Poisson,C2,identity,,Z+P+NB,1.3897080421447754,True,73,-2843.3676414661363,5706.735282932273,5773.040501699505,0.0050455309340122,not_computed
C2_identity_Poisson,C2,identity,,ZIP--ZINB,2.1191940307617188,True,87,-2843.366477897608,5710.732955795215,5790.299218315894,0.0079804079419361,not_computed
C2_identity_ZINB,C2,identity,,Poisson,0.1268479824066162,True,29,-3526.904000784989,7059.808001569978,7079.699567200148,9.700982582216966e-05,not_computed
C2_identity_ZINB,C2,identity,,NB,0.3042409420013428,True,34,-2939.450897497194,5886.901794994388,5913.423882501281,0.036799884449806,not_computed
C2_identity_ZINB,C2,identity,,ZIP,0.4451572895050049,True,21,-2843.3676581344,5696.7353162688005,5729.887925652417,2.083284280907094e-05,not_computed
C2_identity_ZINB,C2,identity,,ZINB,1.3147549629211426,True,45,-2843.366820286362,5698.733640572724,5738.516771833063,0.0013320200490127,not_computed
C2_identity_ZINB,C2,identity,,P+NB,0.9727005958557128,True,46,-2852.7501817342063,5721.500363468413,5774.544538482199,1068.120085966574,not_computed
C2_identity_ZINB,C2,identity,,Z+P+NB,1.420196294784546,True,73,-2843.3676414661363,5706.735282932273,5773.040501699505,0.0050455309340122,not_computed
C2_identity_ZINB,C2,identity,,ZIP--ZINB,2.1604161262512207,True,87,-2843.366477897608,5710.732955795215,5790.299218315894,0.0079804079419361,not_computed
C2_identity_ZIP,C2,identity,,Poisson,0.1273705959320068,True,29,-3526.904000784989,7059.808001569978,7079.699567200148,9.700982582216966e-05,not_computed
C2_identity_ZIP,C2,identity,,NB,0.300708532333374,True,34,-2939.450897497194,5886.901794994388,5913.423882501281,0.036799884449806,not_computed
C2_identity_ZIP,C2,identity,,ZIP,0.4329946041107178,True,21,-2843.3676581344,5696.7353162688005,5729.887925652417,2.083284280907094e-05,not_computed
C2_identity_ZIP,C2,identity,,ZINB,1.304443359375,True,45,-2843.366820286362,5698.733640572724,5738.516771833063,0.0013320200490127,not_computed
C2_identity_ZIP,C2,identity,,P+NB,0.9501006603240968,True,46,-2852.7501817342063,5721.500363468413,5774.544538482199,1068.120085966574,not_computed
C2_identity_ZIP,C2,identity,,Z+P+NB,1.3846616744995115,True,73,-2843.3676414661363,5706.735282932273,5773.040501699505,0.0050455309340122,not_computed
C2_identity_ZIP,C2,identity,,ZIP--ZINB,2.1082351207733154,True,87,-2843.366477897608,5710.732955795215,5790.299218315894,0.0079804079419361,not_computed
C2_identity_Z_plus_P_plus_NB,C2,identity,,Poisson,0.133134126663208,True,29,-3526.904000784989,7059.808001569978,7079.699567200148,9.700982582216966e-05,not_computed
C2_identity_Z_plus_P_plus_NB,C2,identity,,NB,0.3075542449951172,True,34,-2939.450897497194,5886.901794994388,5913.423882501281,0.036799884449806,not_computed
C2_identity_Z_plus_P_plus_NB,C2,identity,,ZIP,0.4446675777435303,True,21,-2843.3676581344,5696.7353162688005,5729.887925652417,2.083284280907094e-05,not_computed
C2_identity_Z_plus_P_plus_NB,C2,identity,,ZINB,1.3164644241333008,True,45,-2843.366820286362,5698.733640572724,5738.516771833063,0.0013320200490127,not_computed
C2_identity_Z_plus_P_plus_NB,C2,identity,,P+NB,0.9610979557037354,True,46,-2852.7501817342063,5721.500363468413,5774.544538482199,1068.120085966574,not_computed
C2_identity_Z_plus_P_plus_NB,C2,identity,,Z+P+NB,1.4035522937774658,True,73,-2843.3676414661363,5706.735282932273,5773.040501699505,0.0050455309340122,not_computed
C2_identity_Z_plus_P_plus_NB,C2,identity,,ZIP--ZINB,2.13650894165039,True,87,-2843.366477897608,5710.732955795215,5790.299218315894,0.0079804079419361,not_computed
C2_log_NB,C2,log,,Poisson,0.0392353534698486,True,9,-3528.6965528059327,7063.393105611865,7083.284671242035,0.0038090123067604,not_computed
C2_log_NB,C2,log,,NB,0.130939245223999,True,19,-2940.5233778138727,5889.046755627745,5915.568843134638,0.0002458548153754,not_computed
C2_log_NB,C2,log,,ZIP,0.1970491409301757,True,18,-2843.691105360311,5697.382210720622,5730.534820104239,0.0065533183826573,not_computed
C2_log_NB,C2,log,,ZINB,0.5892198085784912,True,38,-2843.690195973953,5699.380391947906,5739.163523208245,0.0018641602715945,not_computed
C2_log_NB,C2,log,,P+NB,0.9848465919494628,True,74,-2846.2199269392604,5708.439853878521,5761.484028892307,0.00081041960334,not_computed
C2_log_NB,C2,log,,Z+P+NB,2.148864507675171,True,58,-2839.722571297944,5699.445142595888,5765.75036136312,0.0290072130110274,not_computed
C2_log_NB,C2,log,,ZIP--ZINB,3.1412978172302246,True,118,-2838.557049098048,5701.114098196095,5780.680360716774,0.046801728156737,not_computed
C2_log_P_plus_NB,C2,log,,Poisson,0.0396974086761474,True,9,-3528.6965528059327,7063.393105611865,7083.284671242035,0.0038090123067604,not_computed
C2_log_P_plus_NB,C2,log,,NB,0.1303093433380127,True,19,-2940.5233778138727,5889.046755627745,5915.568843134638,0.0002458548153754,not_computed
C2_log_P_plus_NB,C2,log,,ZIP,0.1978683471679687,True,18,-2843.691105360311,5697.382210720622,5730.534820104239,0.0065533183826573,not_computed
C2_log_P_plus_NB,C2,log,,ZINB,0.5889546871185303,True,38,-2843.690195973953,5699.380391947906,5739.163523208245,0.0018641602715945,not_computed
C2_log_P_plus_NB,C2,log,,P+NB,0.9873440265655518,True,74,-2846.2199269392604,5708.439853878521,5761.484028892307,0.00081041960334,not_computed
C2_log_P_plus_NB,C2,log,,Z+P+NB,2.1502795219421387,True,58,-2839.722571297944,5699.445142595888,5765.75036136312,0.0290072130110274,not_computed
C2_log_P_plus_NB,C2,log,,ZIP--ZINB,3.13284683227539,True,118,-2838.557049098048,5701.114098196095,5780.680360716774,0.046801728156737,not_computed
C2_log_Poisson,C2,log,,Poisson,0.0583589076995849,True,9,-3528.6965528059327,7063.393105611865,7083.284671242035,0.0038090123067604,not_computed
C2_log_Poisson,C2,log,,NB,0.131577730178833,True,19,-2940.5233778138727,5889.046755627745,5915.568843134638,0.0002458548153754,not_computed
C2_log_Poisson,C2,log,,ZIP,0.1982917785644531,True,18,-2843.691105360311,5697.382210720622,5730.534820104239,0.0065533183826573,not_computed
C2_log_Poisson,C2,log,,ZINB,0.5911800861358643,True,38,-2843.690195973953,5699.380391947906,5739.163523208245,0.0018641602715945,not_computed
C2_log_Poisson,C2,log,,P+NB,0.993750810623169,True,74,-2846.2199269392604,5708.439853878521,5761.484028892307,0.00081041960334,not_computed
C2_log_Poisson,C2,log,,Z+P+NB,2.162674903869629,True,58,-2839.722571297944,5699.445142595888,5765.75036136312,0.0290072130110274,not_computed
C2_log_Poisson,C2,log,,ZIP--ZINB,3.148564338684082,True,118,-2838.557049098048,5701.114098196095,5780.680360716774,0.046801728156737,not_computed
C2_log_ZINB,C2,log,,Poisson,0.039797306060791,True,9,-3528.6965528059327,7063.393105611865,7083.284671242035,0.0038090123067604,not_computed
C2_log_ZINB,C2,log,,NB,0.1309127807617187,True,19,-2940.5233778138727,5889.046755627745,5915.568843134638,0.0002458548153754,not_computed
C2_log_ZINB,C2,log,,ZIP,0.1984801292419433,True,18,-2843.691105360311,5697.382210720622,5730.534820104239,0.0065533183826573,not_computed
C2_log_ZINB,C2,log,,ZINB,0.5926711559295654,True,38,-2843.690195973953,5699.380391947906,5739.163523208245,0.0018641602715945,not_computed
C2_log_ZINB,C2,log,,P+NB,0.9984009265899658,True,74,-2846.2199269392604,5708.439853878521,5761.484028892307,0.00081041960334,not_computed
C2_log_ZINB,C2,log,,Z+P+NB,2.1619648933410645,True,58,-2839.722571297944,5699.445142595888,5765.75036136312,0.0290072130110274,not_computed
C2_log_ZINB,C2,log,,ZIP--ZINB,3.156722068786621,True,118,-2838.557049098048,5701.114098196095,5780.680360716774,0.046801728156737,not_computed
C2_log_ZIP,C2,log,,Poisson,0.0395174026489257,True,9,-3528.6965528059327,7063.393105611865,7083.284671242035,0.0038090123067604,not_computed
C2_log_ZIP,C2,log,,NB,0.1310038566589355,True,19,-2940.5233778138727,5889.046755627745,5915.568843134638,0.0002458548153754,not_computed
C2_log_ZIP,C2,log,,ZIP,0.1991345882415771,True,18,-2843.691105360311,5697.382210720622,5730.534820104239,0.0065533183826573,not_computed
C2_log_ZIP,C2,log,,ZINB,0.5926413536071777,True,38,-2843.690195973953,5699.380391947906,5739.163523208245,0.0018641602715945,not_computed
C2_log_ZIP,C2,log,,P+NB,0.9912874698638916,True,74,-2846.2199269392604,5708.439853878521,5761.484028892307,0.00081041960334,not_computed
C2_log_ZIP,C2,log,,Z+P+NB,2.160527229309082,True,58,-2839.722571297944,5699.445142595888,5765.75036136312,0.0290072130110274,not_computed
C2_log_ZIP,C2,log,,ZIP--ZINB,3.14863395690918,True,118,-2838.557049098048,5701.114098196095,5780.680360716774,0.046801728156737,not_computed
C2_log_Z_plus_P_plus_NB,C2,log,,Poisson,0.0598132610321044,True,9,-3528.6965528059327,7063.393105611865,7083.284671242035,0.0038090123067604,not_computed
C2_log_Z_plus_P_plus_NB,C2,log,,NB,0.1311490535736084,True,19,-2940.5233778138727,5889.046755627745,5915.568843134638,0.0002458548153754,not_computed
C2_log_Z_plus_P_plus_NB,C2,log,,ZIP,0.1997585296630859,True,18,-2843.691105360311,5697.382210720622,5730.534820104239,0.0065533183826573,not_computed
C2_log_Z_plus_P_plus_NB,C2,log,,ZINB,0.5952441692352295,True,38,-2843.690195973953,5699.380391947906,5739.163523208245,0.0018641602715945,not_computed
C2_log_Z_plus_P_plus_NB,C2,log,,P+NB,1.0097277164459229,True,74,-2846.2199269392604,5708.439853878521,5761.484028892307,0.00081041960334,not_computed
C2_log_Z_plus_P_plus_NB,C2,log,,Z+P+NB,2.1959056854248047,True,58,-2839.722571297944,5699.445142595888,5765.75036136312,0.0290072130110274,not_computed
C2_log_Z_plus_P_plus_NB,C2,log,,ZIP--ZINB,3.178225040435791,True,118,-2838.557049098048,5701.114098196095,5780.680360716774,0.046801728156737,not_computed
C3_identity_NB,C3,identity,,Poisson,0.0907151699066162,True,20,-3466.635873392149,6939.271746784298,6958.439826244016,0.0008235605049549,not_computed
C3_identity_NB,C3,identity,,NB,0.2907783985137939,True,11,-3152.4296064626533,6312.859212925307,6338.416652204932,0.0026096703101643,not_computed
C3_identity_NB,C3,identity,,ZIP,0.3698999881744385,True,22,-3081.2093677933444,6172.418735586689,6204.365534686221,0.0012091976703629,not_computed
C3_identity_NB,C3,identity,,ZINB,0.7899363040924072,True,32,-3080.6803349857278,6173.360669971455,6211.696828890893,0.0009653133892979,not_computed
C3_identity_NB,C3,identity,,P+NB,0.6034581661224365,True,39,-3079.9558058881357,6175.911611776271,6227.026490335521,0.0162388478386219,not_computed
C3_identity_NB,C3,identity,,Z+P+NB,1.1730828285217283,True,99,-3079.3201117551143,6178.640223510229,6242.533821709292,0.0017074504079346,not_computed
C3_identity_NB,C3,identity,,ZIP--ZINB,2.150812864303589,True,97,-3078.3765748799897,6180.753149759979,6257.425467598856,155.56836872854174,not_computed
C3_identity_P_plus_NB,C3,identity,,Poisson,0.0892255306243896,True,20,-3466.635873392149,6939.271746784298,6958.439826244016,0.0008235605049549,not_computed
C3_identity_P_plus_NB,C3,identity,,NB,0.2876181602478027,True,11,-3152.4296064626533,6312.859212925307,6338.416652204932,0.0026096703101643,not_computed
C3_identity_P_plus_NB,C3,identity,,ZIP,0.3678879737854004,True,22,-3081.2093677933444,6172.418735586689,6204.365534686221,0.0012091976703629,not_computed
C3_identity_P_plus_NB,C3,identity,,ZINB,0.7850408554077148,True,32,-3080.6803349857278,6173.360669971455,6211.696828890893,0.0009653133892979,not_computed
C3_identity_P_plus_NB,C3,identity,,P+NB,0.5942285060882568,True,39,-3079.9558058881357,6175.911611776271,6227.026490335521,0.0162388478386219,not_computed
C3_identity_P_plus_NB,C3,identity,,Z+P+NB,1.1567232608795166,True,99,-3079.3201117551143,6178.640223510229,6242.533821709292,0.0017074504079346,not_computed
C3_identity_P_plus_NB,C3,identity,,ZIP--ZINB,2.123638153076172,True,97,-3078.3765748799897,6180.753149759979,6257.425467598856,155.56836872854174,not_computed
C3_identity_Poisson,C3,identity,,Poisson,0.1074223518371582,True,20,-3466.635873392149,6939.271746784298,6958.439826244016,0.0008235605049549,not_computed
C3_identity_Poisson,C3,identity,,NB,0.2909574508666992,True,11,-3152.4296064626533,6312.859212925307,6338.416652204932,0.0026096703101643,not_computed
C3_identity_Poisson,C3,identity,,ZIP,0.37225341796875,True,22,-3081.2093677933444,6172.418735586689,6204.365534686221,0.0012091976703629,not_computed
C3_identity_Poisson,C3,identity,,ZINB,0.7980475425720215,True,32,-3080.6803349857278,6173.360669971455,6211.696828890893,0.0009653133892979,not_computed
C3_identity_Poisson,C3,identity,,P+NB,0.6013064384460449,True,39,-3079.9558058881357,6175.911611776271,6227.026490335521,0.0162388478386219,not_computed
C3_identity_Poisson,C3,identity,,Z+P+NB,1.1734883785247805,True,99,-3079.3201117551143,6178.640223510229,6242.533821709292,0.0017074504079346,not_computed
C3_identity_Poisson,C3,identity,,ZIP--ZINB,2.1576547622680664,True,97,-3078.3765748799897,6180.753149759979,6257.425467598856,155.56836872854174,not_computed
C3_identity_ZINB,C3,identity,,Poisson,0.0898158550262451,True,20,-3466.635873392149,6939.271746784298,6958.439826244016,0.0008235605049549,not_computed
C3_identity_ZINB,C3,identity,,NB,0.2917878627777099,True,11,-3152.4296064626533,6312.859212925307,6338.416652204932,0.0026096703101643,not_computed
C3_identity_ZINB,C3,identity,,ZIP,0.3668243885040283,True,22,-3081.2093677933444,6172.418735586689,6204.365534686221,0.0012091976703629,not_computed
C3_identity_ZINB,C3,identity,,ZINB,0.789844274520874,True,32,-3080.6803349857278,6173.360669971455,6211.696828890893,0.0009653133892979,not_computed
C3_identity_ZINB,C3,identity,,P+NB,0.5973589420318604,True,39,-3079.9558058881357,6175.911611776271,6227.026490335521,0.0162388478386219,not_computed
C3_identity_ZINB,C3,identity,,Z+P+NB,1.1642570495605469,True,99,-3079.3201117551143,6178.640223510229,6242.533821709292,0.0017074504079346,not_computed
C3_identity_ZINB,C3,identity,,ZIP--ZINB,2.1348817348480225,True,97,-3078.3765748799897,6180.753149759979,6257.425467598856,155.56836872854174,not_computed
C3_identity_ZIP,C3,identity,,Poisson,0.0911450386047363,True,20,-3466.635873392149,6939.271746784298,6958.439826244016,0.0008235605049549,not_computed
C3_identity_ZIP,C3,identity,,NB,0.2925412654876709,True,11,-3152.4296064626533,6312.859212925307,6338.416652204932,0.0026096703101643,not_computed
C3_identity_ZIP,C3,identity,,ZIP,0.3694441318511963,True,22,-3081.2093677933444,6172.418735586689,6204.365534686221,0.0012091976703629,not_computed
C3_identity_ZIP,C3,identity,,ZINB,0.7902257442474365,True,32,-3080.6803349857278,6173.360669971455,6211.696828890893,0.0009653133892979,not_computed
C3_identity_ZIP,C3,identity,,P+NB,0.6066627502441406,True,39,-3079.9558058881357,6175.911611776271,6227.026490335521,0.0162388478386219,not_computed
C3_identity_ZIP,C3,identity,,Z+P+NB,1.180168390274048,True,99,-3079.3201117551143,6178.640223510229,6242.533821709292,0.0017074504079346,not_computed
C3_identity_ZIP,C3,identity,,ZIP--ZINB,2.1478915214538574,True,97,-3078.3765748799897,6180.753149759979,6257.425467598856,155.56836872854174,not_computed
C3_identity_Z_plus_P_plus_NB,C3,identity,,Poisson,0.0906069278717041,True,20,-3466.635873392149,6939.271746784298,6958.439826244016,0.0008235605049549,not_computed
C3_identity_Z_plus_P_plus_NB,C3,identity,,NB,0.2925505638122558,True,11,-3152.4296064626533,6312.859212925307,6338.416652204932,0.0026096703101643,not_computed
C3_identity_Z_plus_P_plus_NB,C3,identity,,ZIP,0.371248722076416,True,22,-3081.2093677933444,6172.418735586689,6204.365534686221,0.0012091976703629,not_computed
C3_identity_Z_plus_P_plus_NB,C3,identity,,ZINB,0.791278600692749,True,32,-3080.6803349857278,6173.360669971455,6211.696828890893,0.0009653133892979,not_computed
C3_identity_Z_plus_P_plus_NB,C3,identity,,P+NB,0.6073973178863525,True,39,-3079.9558058881357,6175.911611776271,6227.026490335521,0.0162388478386219,not_computed
C3_identity_Z_plus_P_plus_NB,C3,identity,,Z+P+NB,1.175926923751831,True,99,-3079.3201117551143,6178.640223510229,6242.533821709292,0.0017074504079346,not_computed
C3_identity_Z_plus_P_plus_NB,C3,identity,,ZIP--ZINB,2.1482479572296143,True,97,-3078.3765748799897,6180.753149759979,6257.425467598856,155.56836872854174,not_computed
C3_log_NB,C3,log,,Poisson,0.0285077095031738,True,10,-3468.148246215904,6942.296492431808,6961.464571891526,0.0001975996462135,not_computed
C3_log_NB,C3,log,,NB,0.1100845336914062,True,18,-3153.5422421105554,6315.084484221111,6340.641923500736,0.0021416996047491,not_computed
C3_log_NB,C3,log,,ZIP,0.127018928527832,True,23,-3081.331619577812,6172.663239155623,6204.610038255155,0.0004492188997176,not_computed
C3_log_NB,C3,log,,ZINB,0.309253454208374,True,22,-3080.9386209822856,6173.877241964571,6212.213400884009,0.0001100444358055,not_computed
C3_log_NB,C3,log,,P+NB,0.8112363815307617,True,51,-3077.951773504374,6171.903547008748,6223.018425567999,9.055053015316616e-05,not_computed
C3_log_NB,C3,log,,Z+P+NB,1.7058937549591064,True,51,-3077.4611512334286,6174.922302466857,6238.815900665921,0.0092831269260926,not_computed
C3_log_NB,C3,log,,ZIP--ZINB,3.676744222640991,True,223,-3077.2031080918023,6178.406216183605,6255.078534022481,0.0170697738854244,not_computed
C3_log_P_plus_NB,C3,log,,Poisson,0.0292251110076904,True,10,-3468.148246215904,6942.296492431808,6961.464571891526,0.0001975996462135,not_computed
C3_log_P_plus_NB,C3,log,,NB,0.1097238063812255,True,18,-3153.5422421105554,6315.084484221111,6340.641923500736,0.0021416996047491,not_computed
C3_log_P_plus_NB,C3,log,,ZIP,0.1282703876495361,True,23,-3081.331619577812,6172.663239155623,6204.610038255155,0.0004492188997176,not_computed
C3_log_P_plus_NB,C3,log,,ZINB,0.3103632926940918,True,22,-3080.9386209822856,6173.877241964571,6212.213400884009,0.0001100444358055,not_computed
C3_log_P_plus_NB,C3,log,,P+NB,0.808793306350708,True,51,-3077.951773504374,6171.903547008748,6223.018425567999,9.055053015316616e-05,not_computed
C3_log_P_plus_NB,C3,log,,Z+P+NB,1.7058992385864258,True,51,-3077.4611512334286,6174.922302466857,6238.815900665921,0.0092831269260926,not_computed
C3_log_P_plus_NB,C3,log,,ZIP--ZINB,3.6860508918762207,True,223,-3077.2031080918023,6178.406216183605,6255.078534022481,0.0170697738854244,not_computed
C3_log_Poisson,C3,log,,Poisson,0.0285511016845703,True,10,-3468.148246215904,6942.296492431808,6961.464571891526,0.0001975996462135,not_computed
C3_log_Poisson,C3,log,,NB,0.1098039150238037,True,18,-3153.5422421105554,6315.084484221111,6340.641923500736,0.0021416996047491,not_computed
C3_log_Poisson,C3,log,,ZIP,0.126904010772705,True,23,-3081.331619577812,6172.663239155623,6204.610038255155,0.0004492188997176,not_computed
C3_log_Poisson,C3,log,,ZINB,0.3093116283416748,True,22,-3080.9386209822856,6173.877241964571,6212.213400884009,0.0001100444358055,not_computed
C3_log_Poisson,C3,log,,P+NB,0.808610200881958,True,51,-3077.951773504374,6171.903547008748,6223.018425567999,9.055053015316616e-05,not_computed
C3_log_Poisson,C3,log,,Z+P+NB,1.7006804943084717,True,51,-3077.4611512334286,6174.922302466857,6238.815900665921,0.0092831269260926,not_computed
C3_log_Poisson,C3,log,,ZIP--ZINB,3.6748878955841056,True,223,-3077.2031080918023,6178.406216183605,6255.078534022481,0.0170697738854244,not_computed
C3_log_ZINB,C3,log,,Poisson,0.028764009475708,True,10,-3468.148246215904,6942.296492431808,6961.464571891526,0.0001975996462135,not_computed
C3_log_ZINB,C3,log,,NB,0.1097166538238525,True,18,-3153.5422421105554,6315.084484221111,6340.641923500736,0.0021416996047491,not_computed
C3_log_ZINB,C3,log,,ZIP,0.1266093254089355,True,23,-3081.331619577812,6172.663239155623,6204.610038255155,0.0004492188997176,not_computed
C3_log_ZINB,C3,log,,ZINB,0.3088011741638183,True,22,-3080.9386209822856,6173.877241964571,6212.213400884009,0.0001100444358055,not_computed
C3_log_ZINB,C3,log,,P+NB,0.8056001663208008,True,51,-3077.951773504374,6171.903547008748,6223.018425567999,9.055053015316616e-05,not_computed
C3_log_ZINB,C3,log,,Z+P+NB,1.6990251541137695,True,51,-3077.4611512334286,6174.922302466857,6238.815900665921,0.0092831269260926,not_computed
C3_log_ZINB,C3,log,,ZIP--ZINB,3.674000024795532,True,223,-3077.2031080918023,6178.406216183605,6255.078534022481,0.0170697738854244,not_computed
C3_log_ZIP,C3,log,,Poisson,0.0290794372558593,True,10,-3468.148246215904,6942.296492431808,6961.464571891526,0.0001975996462135,not_computed
C3_log_ZIP,C3,log,,NB,0.1100656986236572,True,18,-3153.5422421105554,6315.084484221111,6340.641923500736,0.0021416996047491,not_computed
C3_log_ZIP,C3,log,,ZIP,0.127037763595581,True,23,-3081.331619577812,6172.663239155623,6204.610038255155,0.0004492188997176,not_computed
C3_log_ZIP,C3,log,,ZINB,0.3092505931854248,True,22,-3080.9386209822856,6173.877241964571,6212.213400884009,0.0001100444358055,not_computed
C3_log_ZIP,C3,log,,P+NB,0.8138546943664551,True,51,-3077.951773504374,6171.903547008748,6223.018425567999,9.055053015316616e-05,not_computed
C3_log_ZIP,C3,log,,Z+P+NB,1.7065508365631104,True,51,-3077.4611512334286,6174.922302466857,6238.815900665921,0.0092831269260926,not_computed
C3_log_ZIP,C3,log,,ZIP--ZINB,3.67618465423584,True,223,-3077.2031080918023,6178.406216183605,6255.078534022481,0.0170697738854244,not_computed
C3_log_Z_plus_P_plus_NB,C3,log,,Poisson,0.0289509296417236,True,10,-3468.148246215904,6942.296492431808,6961.464571891526,0.0001975996462135,not_computed
C3_log_Z_plus_P_plus_NB,C3,log,,NB,0.1096484661102294,True,18,-3153.5422421105554,6315.084484221111,6340.641923500736,0.0021416996047491,not_computed
C3_log_Z_plus_P_plus_NB,C3,log,,ZIP,0.1260590553283691,True,23,-3081.331619577812,6172.663239155623,6204.610038255155,0.0004492188997176,not_computed
C3_log_Z_plus_P_plus_NB,C3,log,,ZINB,0.3077898025512695,True,22,-3080.9386209822856,6173.877241964571,6212.213400884009,0.0001100444358055,not_computed
C3_log_Z_plus_P_plus_NB,C3,log,,P+NB,0.8052241802215576,True,51,-3077.951773504374,6171.903547008748,6223.018425567999,9.055053015316616e-05,not_computed
C3_log_Z_plus_P_plus_NB,C3,log,,Z+P+NB,1.6894209384918213,True,51,-3077.4611512334286,6174.922302466857,6238.815900665921,0.0092831269260926,not_computed
C3_log_Z_plus_P_plus_NB,C3,log,,ZIP--ZINB,3.654856443405152,True,223,-3077.2031080918023,6178.406216183605,6255.078534022481,0.0170697738854244,not_computed
H2AX1H60_identity_NB,H2AX1H60,identity,,Poisson,0.0515282154083251,True,5,-1590.3284183337996,3184.6568366675992,3193.44735986383,2.837368112729166e-05,not_computed
H2AX1H60_identity_NB,H2AX1H60,identity,,NB,0.0554606914520263,True,10,-1267.4561720564352,2540.9123441128704,2554.098128907217,5.080553497349705e-07,not_computed
H2AX1H60_identity_NB,H2AX1H60,identity,,ZIP,0.0612416267395019,True,10,-1188.3167116189118,2384.6334232378235,2402.2144696302853,0.0002011025537118,not_computed
H2AX1H60_identity_NB,H2AX1H60,identity,,ZINB,0.1127316951751709,True,11,-1180.3105819554685,2370.621163910937,2392.5974719015144,6.234992879861068e-05,not_computed
H2AX1H60_identity_NB,H2AX1H60,identity,,P+NB,0.3268976211547851,True,29,-1170.622009954243,2353.2440199084854,2379.615589497178,11.503037387154563,not_computed
H2AX1H60_identity_NB,H2AX1H60,identity,,Z+P+NB,0.5269436836242676,True,53,-1165.9817975385542,2347.9635950771085,2383.125687862032,0.000510442186545,not_computed
H2AX1H60_identity_NB,H2AX1H60,identity,,ZIP--ZINB,0.6991260051727295,True,51,-1151.5406251159252,2323.0812502318504,2367.033866213005,0.002247819399397,not_computed
H2AX1H60_identity_P_plus_NB,H2AX1H60,identity,,Poisson,0.0439496040344238,True,5,-1590.3284183337996,3184.6568366675992,3193.44735986383,2.837368112729166e-05,not_computed
H2AX1H60_identity_P_plus_NB,H2AX1H60,identity,,NB,0.0401844978332519,True,10,-1267.4561720564352,2540.9123441128704,2554.098128907217,5.080553497349705e-07,not_computed
H2AX1H60_identity_P_plus_NB,H2AX1H60,identity,,ZIP,0.0440583229064941,True,10,-1188.3167116189118,2384.6334232378235,2402.2144696302853,0.0002011025537118,not_computed
H2AX1H60_identity_P_plus_NB,H2AX1H60,identity,,ZINB,0.0807974338531494,True,11,-1180.3105819554685,2370.621163910937,2392.5974719015144,6.234992879861068e-05,not_computed
H2AX1H60_identity_P_plus_NB,H2AX1H60,identity,,P+NB,0.2344560623168945,True,29,-1170.622009954243,2353.2440199084854,2379.615589497178,11.503037387154563,not_computed
H2AX1H60_identity_P_plus_NB,H2AX1H60,identity,,Z+P+NB,0.3691155910491943,True,53,-1165.9817975385542,2347.9635950771085,2383.125687862032,0.000510442186545,not_computed
H2AX1H60_identity_P_plus_NB,H2AX1H60,identity,,ZIP--ZINB,0.4950501918792724,True,51,-1151.5406251159252,2323.0812502318504,2367.033866213005,0.002247819399397,not_computed
H2AX1H60_identity_Poisson,H2AX1H60,identity,,Poisson,0.0514068603515625,True,5,-1590.3284183337996,3184.6568366675992,3193.44735986383,2.837368112729166e-05,not_computed
H2AX1H60_identity_Poisson,H2AX1H60,identity,,NB,0.0554561614990234,True,10,-1267.4561720564352,2540.9123441128704,2554.098128907217,5.080553497349705e-07,not_computed
H2AX1H60_identity_Poisson,H2AX1H60,identity,,ZIP,0.0612423419952392,True,10,-1188.3167116189118,2384.6334232378235,2402.2144696302853,0.0002011025537118,not_computed
H2AX1H60_identity_Poisson,H2AX1H60,identity,,ZINB,0.1127316951751709,True,11,-1180.3105819554685,2370.621163910937,2392.5974719015144,6.234992879861068e-05,not_computed
H2AX1H60_identity_Poisson,H2AX1H60,identity,,P+NB,0.3268983364105224,True,29,-1170.622009954243,2353.2440199084854,2379.615589497178,11.503037387154563,not_computed
H2AX1H60_identity_Poisson,H2AX1H60,identity,,Z+P+NB,0.5269427299499512,True,53,-1165.9817975385542,2347.9635950771085,2383.125687862032,0.000510442186545,not_computed
H2AX1H60_identity_Poisson,H2AX1H60,identity,,ZIP--ZINB,0.7001631259918213,True,51,-1151.5406251159252,2323.0812502318504,2367.033866213005,0.002247819399397,not_computed
H2AX1H60_identity_ZINB,H2AX1H60,identity,,Poisson,0.0438456535339355,True,5,-1590.3284183337996,3184.6568366675992,3193.44735986383,2.837368112729166e-05,not_computed
H2AX1H60_identity_ZINB,H2AX1H60,identity,,NB,0.0400934219360351,True,10,-1267.4561720564352,2540.9123441128704,2554.098128907217,5.080553497349705e-07,not_computed
H2AX1H60_identity_ZINB,H2AX1H60,identity,,ZIP,0.0440881252288818,True,10,-1188.3167116189118,2384.6334232378235,2402.2144696302853,0.0002011025537118,not_computed
H2AX1H60_identity_ZINB,H2AX1H60,identity,,ZINB,0.0801291465759277,True,11,-1180.3105819554685,2370.621163910937,2392.5974719015144,6.234992879861068e-05,not_computed
H2AX1H60_identity_ZINB,H2AX1H60,identity,,P+NB,0.2333922386169433,True,29,-1170.622009954243,2353.2440199084854,2379.615589497178,11.503037387154563,not_computed
H2AX1H60_identity_ZINB,H2AX1H60,identity,,Z+P+NB,0.3662140369415283,True,53,-1165.9817975385542,2347.9635950771085,2383.125687862032,0.000510442186545,not_computed
H2AX1H60_identity_ZINB,H2AX1H60,identity,,ZIP--ZINB,0.4894852638244629,True,51,-1151.5406251159252,2323.0812502318504,2367.033866213005,0.002247819399397,not_computed
H2AX1H60_identity_ZIP,H2AX1H60,identity,,Poisson,0.0439608097076416,True,5,-1590.3284183337996,3184.6568366675992,3193.44735986383,2.837368112729166e-05,not_computed
H2AX1H60_identity_ZIP,H2AX1H60,identity,,NB,0.0399730205535888,True,10,-1267.4561720564352,2540.9123441128704,2554.098128907217,5.080553497349705e-07,not_computed
H2AX1H60_identity_ZIP,H2AX1H60,identity,,ZIP,0.0440635681152343,True,10,-1188.3167116189118,2384.6334232378235,2402.2144696302853,0.0002011025537118,not_computed
H2AX1H60_identity_ZIP,H2AX1H60,identity,,ZINB,0.0805277824401855,True,11,-1180.3105819554685,2370.621163910937,2392.5974719015144,6.234992879861068e-05,not_computed
H2AX1H60_identity_ZIP,H2AX1H60,identity,,P+NB,0.2333524227142334,True,29,-1170.622009954243,2353.2440199084854,2379.615589497178,11.503037387154563,not_computed
H2AX1H60_identity_ZIP,H2AX1H60,identity,,Z+P+NB,0.3656139373779297,True,53,-1165.9817975385542,2347.9635950771085,2383.125687862032,0.000510442186545,not_computed
H2AX1H60_identity_ZIP,H2AX1H60,identity,,ZIP--ZINB,0.4901788234710693,True,51,-1151.5406251159252,2323.0812502318504,2367.033866213005,0.002247819399397,not_computed
H2AX1H60_identity_Z_plus_P_plus_NB,H2AX1H60,identity,,Poisson,0.0437602996826171,True,5,-1590.3284183337996,3184.6568366675992,3193.44735986383,2.837368112729166e-05,not_computed
H2AX1H60_identity_Z_plus_P_plus_NB,H2AX1H60,identity,,NB,0.0401141643524169,True,10,-1267.4561720564352,2540.9123441128704,2554.098128907217,5.080553497349705e-07,not_computed
H2AX1H60_identity_Z_plus_P_plus_NB,H2AX1H60,identity,,ZIP,0.0440204143524169,True,10,-1188.3167116189118,2384.6334232378235,2402.2144696302853,0.0002011025537118,not_computed
H2AX1H60_identity_Z_plus_P_plus_NB,H2AX1H60,identity,,ZINB,0.080174446105957,True,11,-1180.3105819554685,2370.621163910937,2392.5974719015144,6.234992879861068e-05,not_computed
H2AX1H60_identity_Z_plus_P_plus_NB,H2AX1H60,identity,,P+NB,0.2333683967590332,True,29,-1170.622009954243,2353.2440199084854,2379.615589497178,11.503037387154563,not_computed
H2AX1H60_identity_Z_plus_P_plus_NB,H2AX1H60,identity,,Z+P+NB,0.3648829460144043,True,53,-1165.9817975385542,2347.9635950771085,2383.125687862032,0.000510442186545,not_computed
H2AX1H60_identity_Z_plus_P_plus_NB,H2AX1H60,identity,,ZIP--ZINB,0.4878876209259033,True,51,-1151.5406251159252,2323.0812502318504,2367.033866213005,0.002247819399397,not_computed
H2AX1H60_log_NB,H2AX1H60,log,,Poisson,0.0412325859069824,True,8,-1584.6951980400904,3173.390396080181,3182.180919276412,0.0004991166116781,not_computed
H2AX1H60_log_NB,H2AX1H60,log,,NB,0.0422394275665283,True,10,-1266.4157692032236,2538.831538406447,2552.0173232007937,1.581341439105266e-05,not_computed
H2AX1H60_log_NB,H2AX1H60,log,,ZIP,0.0463216304779052,True,12,-1187.9872353467051,2383.9744706934102,2401.555517085872,0.0001019601892036,not_computed
H2AX1H60_log_NB,H2AX1H60,log,,ZINB,0.0937080383300781,True,22,-1180.0527611021648,2370.1055222043296,2392.081830194907,0.0001522841586049,not_computed
H2AX1H60_log_NB,H2AX1H60,log,,P+NB,0.1708090305328369,True,35,-1164.1319809356314,2340.263961871263,2366.6355314599555,8.215804904843083e-05,not_computed
H2AX1H60_log_NB,H2AX1H60,log,,Z+P+NB,0.3966734409332275,True,40,-1162.586630265866,2341.173260531732,2376.3353533166555,0.0037257082037474,not_computed
H2AX1H60_log_NB,H2AX1H60,log,,ZIP--ZINB,0.6444411277770996,True,55,-1151.8513319862209,2323.7026639724418,2367.655279953596,0.0049197016785305,not_computed
H2AX1H60_log_P_plus_NB,H2AX1H60,log,,Poisson,0.0411784648895263,True,8,-1584.6951980400904,3173.390396080181,3182.180919276412,0.0004991166116781,not_computed
H2AX1H60_log_P_plus_NB,H2AX1H60,log,,NB,0.0421688556671142,True,10,-1266.4157692032236,2538.831538406447,2552.0173232007937,1.581341439105266e-05,not_computed
H2AX1H60_log_P_plus_NB,H2AX1H60,log,,ZIP,0.0461349487304687,True,12,-1187.9872353467051,2383.9744706934102,2401.555517085872,0.0001019601892036,not_computed
H2AX1H60_log_P_plus_NB,H2AX1H60,log,,ZINB,0.0952670574188232,True,22,-1180.0527611021648,2370.1055222043296,2392.081830194907,0.0001522841586049,not_computed
H2AX1H60_log_P_plus_NB,H2AX1H60,log,,P+NB,0.171572208404541,True,35,-1164.1319809356314,2340.263961871263,2366.6355314599555,8.215804904843083e-05,not_computed
H2AX1H60_log_P_plus_NB,H2AX1H60,log,,Z+P+NB,0.4000802040100097,True,40,-1162.586630265866,2341.173260531732,2376.3353533166555,0.0037257082037474,not_computed
H2AX1H60_log_P_plus_NB,H2AX1H60,log,,ZIP--ZINB,0.6530923843383789,True,55,-1151.8513319862209,2323.7026639724418,2367.655279953596,0.0049197016785305,not_computed
H2AX1H60_log_Poisson,H2AX1H60,log,,Poisson,0.0411360263824462,True,8,-1584.6951980400904,3173.390396080181,3182.180919276412,0.0004991166116781,not_computed
H2AX1H60_log_Poisson,H2AX1H60,log,,NB,0.0422377586364746,True,10,-1266.4157692032236,2538.831538406447,2552.0173232007937,1.581341439105266e-05,not_computed
H2AX1H60_log_Poisson,H2AX1H60,log,,ZIP,0.0462992191314697,True,12,-1187.9872353467051,2383.9744706934102,2401.555517085872,0.0001019601892036,not_computed
H2AX1H60_log_Poisson,H2AX1H60,log,,ZINB,0.0942597389221191,True,22,-1180.0527611021648,2370.1055222043296,2392.081830194907,0.0001522841586049,not_computed
H2AX1H60_log_Poisson,H2AX1H60,log,,P+NB,0.1719968318939209,True,35,-1164.1319809356314,2340.263961871263,2366.6355314599555,8.215804904843083e-05,not_computed
H2AX1H60_log_Poisson,H2AX1H60,log,,Z+P+NB,0.3988029956817627,True,40,-1162.586630265866,2341.173260531732,2376.3353533166555,0.0037257082037474,not_computed
H2AX1H60_log_Poisson,H2AX1H60,log,,ZIP--ZINB,0.6514072418212891,True,55,-1151.8513319862209,2323.7026639724418,2367.655279953596,0.0049197016785305,not_computed
H2AX1H60_log_ZINB,H2AX1H60,log,,Poisson,0.0460848808288574,True,8,-1584.6951980400904,3173.390396080181,3182.180919276412,0.0004991166116781,not_computed
H2AX1H60_log_ZINB,H2AX1H60,log,,NB,0.054431676864624,True,10,-1266.4157692032236,2538.831538406447,2552.0173232007937,1.581341439105266e-05,not_computed
H2AX1H60_log_ZINB,H2AX1H60,log,,ZIP,0.0601105690002441,True,12,-1187.9872353467051,2383.9744706934102,2401.555517085872,0.0001019601892036,not_computed
H2AX1H60_log_ZINB,H2AX1H60,log,,ZINB,0.1246354579925537,True,22,-1180.0527611021648,2370.1055222043296,2392.081830194907,0.0001522841586049,not_computed
H2AX1H60_log_ZINB,H2AX1H60,log,,P+NB,0.2260844707489013,True,35,-1164.1319809356314,2340.263961871263,2366.6355314599555,8.215804904843083e-05,not_computed
H2AX1H60_log_ZINB,H2AX1H60,log,,Z+P+NB,0.5323317050933838,True,40,-1162.586630265866,2341.173260531732,2376.3353533166555,0.0037257082037474,not_computed
H2AX1H60_log_ZINB,H2AX1H60,log,,ZIP--ZINB,0.8619747161865234,True,55,-1151.8513319862209,2323.7026639724418,2367.655279953596,0.0049197016785305,not_computed
H2AX1H60_log_ZIP,H2AX1H60,log,,Poisson,0.0415961742401123,True,8,-1584.6951980400904,3173.390396080181,3182.180919276412,0.0004991166116781,not_computed
H2AX1H60_log_ZIP,H2AX1H60,log,,NB,0.0430984497070312,True,10,-1266.4157692032236,2538.831538406447,2552.0173232007937,1.581341439105266e-05,not_computed
H2AX1H60_log_ZIP,H2AX1H60,log,,ZIP,0.0467193126678466,True,12,-1187.9872353467051,2383.9744706934102,2401.555517085872,0.0001019601892036,not_computed
H2AX1H60_log_ZIP,H2AX1H60,log,,ZINB,0.0959680080413818,True,22,-1180.0527611021648,2370.1055222043296,2392.081830194907,0.0001522841586049,not_computed
H2AX1H60_log_ZIP,H2AX1H60,log,,P+NB,0.1745059490203857,True,35,-1164.1319809356314,2340.263961871263,2366.6355314599555,8.215804904843083e-05,not_computed
H2AX1H60_log_ZIP,H2AX1H60,log,,Z+P+NB,0.4047882556915283,True,40,-1162.586630265866,2341.173260531732,2376.3353533166555,0.0037257082037474,not_computed
H2AX1H60_log_ZIP,H2AX1H60,log,,ZIP--ZINB,0.6584579944610596,True,55,-1151.8513319862209,2323.7026639724418,2367.655279953596,0.0049197016785305,not_computed
H2AX1H60_log_Z_plus_P_plus_NB,H2AX1H60,log,,Poisson,0.0465428829193115,True,8,-1584.6951980400904,3173.390396080181,3182.180919276412,0.0004991166116781,not_computed
H2AX1H60_log_Z_plus_P_plus_NB,H2AX1H60,log,,NB,0.055260419845581,True,10,-1266.4157692032236,2538.831538406447,2552.0173232007937,1.581341439105266e-05,not_computed
H2AX1H60_log_Z_plus_P_plus_NB,H2AX1H60,log,,ZIP,0.0608658790588378,True,12,-1187.9872353467051,2383.9744706934102,2401.555517085872,0.0001019601892036,not_computed
H2AX1H60_log_Z_plus_P_plus_NB,H2AX1H60,log,,ZINB,0.1269030570983886,True,22,-1180.0527611021648,2370.1055222043296,2392.081830194907,0.0001522841586049,not_computed
H2AX1H60_log_Z_plus_P_plus_NB,H2AX1H60,log,,P+NB,0.2276630401611328,True,35,-1164.1319809356314,2340.263961871263,2366.6355314599555,8.215804904843083e-05,not_computed
H2AX1H60_log_Z_plus_P_plus_NB,H2AX1H60,log,,Z+P+NB,0.5407280921936035,True,40,-1162.586630265866,2341.173260531732,2376.3353533166555,0.0037257082037474,not_computed
H2AX1H60_log_Z_plus_P_plus_NB,H2AX1H60,log,,ZIP--ZINB,0.8682839870452881,True,55,-1151.8513319862209,2323.7026639724418,2367.655279953596,0.0049197016785305,not_computed
H2AX4H100_identity_NB,H2AX4H100,identity,,Poisson,0.039790391921997,True,5,-1305.5349257185617,2615.069851437124,2623.850332771254,9.479684058177895e-06,not_computed
H2AX4H100_identity_NB,H2AX4H100,identity,,NB,0.0355806350708007,True,9,-1302.6526742466276,2611.305348493255,2624.476070494451,4.5818854647716734e-05,not_computed
H2AX4H100_identity_NB,H2AX4H100,identity,,ZIP,0.0382428169250488,True,10,-1223.2511441012691,2454.5022882025387,2472.0632508708,1.4904842724705604e-05,not_computed
H2AX4H100_identity_NB,H2AX4H100,identity,,ZINB,0.1345088481903076,True,29,-1223.2505261256229,2456.5010522512457,2478.4522555865724,0.0091664819620791,not_computed
H2AX4H100_identity_NB,H2AX4H100,identity,,P+NB,0.1778059005737304,True,38,-1224.5975402953186,2461.195080590637,2487.5365245930293,48.58686164607765,not_computed
H2AX4H100_identity_NB,H2AX4H100,identity,,Z+P+NB,0.2549364566802978,True,29,-1223.2506125877585,2462.501225175517,2497.62315051204,0.0061346226592043,not_computed
H2AX4H100_identity_NB,H2AX4H100,identity,,ZIP--ZINB,0.312159776687622,True,42,-1220.4863573634198,2460.9727147268395,2504.875121397493,0.0434707875230294,not_computed
H2AX4H100_identity_P_plus_NB,H2AX4H100,identity,,Poisson,0.0395369529724121,True,5,-1305.5349257185617,2615.069851437124,2623.850332771254,9.479684058177895e-06,not_computed
H2AX4H100_identity_P_plus_NB,H2AX4H100,identity,,NB,0.0350258350372314,True,9,-1302.6526742466276,2611.305348493255,2624.476070494451,4.5818854647716734e-05,not_computed
H2AX4H100_identity_P_plus_NB,H2AX4H100,identity,,ZIP,0.0378344058990478,True,10,-1223.2511441012691,2454.5022882025387,2472.0632508708,1.4904842724705604e-05,not_computed
H2AX4H100_identity_P_plus_NB,H2AX4H100,identity,,ZINB,0.1335220336914062,True,29,-1223.2505261256229,2456.5010522512457,2478.4522555865724,0.0091664819620791,not_computed
H2AX4H100_identity_P_plus_NB,H2AX4H100,identity,,P+NB,0.1758515834808349,True,38,-1224.5975402953186,2461.195080590637,2487.5365245930293,48.58686164607765,not_computed
H2AX4H100_identity_P_plus_NB,H2AX4H100,identity,,Z+P+NB,0.2516837120056152,True,29,-1223.2506125877585,2462.501225175517,2497.62315051204,0.0061346226592043,not_computed
H2AX4H100_identity_P_plus_NB,H2AX4H100,identity,,ZIP--ZINB,0.3104159832000732,True,42,-1220.4863573634198,2460.9727147268395,2504.875121397493,0.0434707875230294,not_computed
H2AX4H100_identity_Poisson,H2AX4H100,identity,,Poisson,0.0428764820098876,True,5,-1305.5349257185617,2615.069851437124,2623.850332771254,9.479684058177895e-06,not_computed
H2AX4H100_identity_Poisson,H2AX4H100,identity,,NB,0.0460052490234375,True,9,-1302.6526742466276,2611.305348493255,2624.476070494451,4.5818854647716734e-05,not_computed
H2AX4H100_identity_Poisson,H2AX4H100,identity,,ZIP,0.0509405136108398,True,10,-1223.2511441012691,2454.5022882025387,2472.0632508708,1.4904842724705604e-05,not_computed
H2AX4H100_identity_Poisson,H2AX4H100,identity,,ZINB,0.1745152473449707,True,29,-1223.2505261256229,2456.5010522512457,2478.4522555865724,0.0091664819620791,not_computed
H2AX4H100_identity_Poisson,H2AX4H100,identity,,P+NB,0.2342872619628906,True,38,-1224.5975402953186,2461.195080590637,2487.5365245930293,48.58686164607765,not_computed
H2AX4H100_identity_Poisson,H2AX4H100,identity,,Z+P+NB,0.3220908641815185,True,29,-1223.2506125877585,2462.501225175517,2497.62315051204,0.0061346226592043,not_computed
H2AX4H100_identity_Poisson,H2AX4H100,identity,,ZIP--ZINB,0.4037716388702392,True,42,-1220.4863573634198,2460.9727147268395,2504.875121397493,0.0434707875230294,not_computed
H2AX4H100_identity_ZINB,H2AX4H100,identity,,Poisson,0.0395488739013671,True,5,-1305.5349257185617,2615.069851437124,2623.850332771254,9.479684058177895e-06,not_computed
H2AX4H100_identity_ZINB,H2AX4H100,identity,,NB,0.0349979400634765,True,9,-1302.6526742466276,2611.305348493255,2624.476070494451,4.5818854647716734e-05,not_computed
H2AX4H100_identity_ZINB,H2AX4H100,identity,,ZIP,0.0374214649200439,True,10,-1223.2511441012691,2454.5022882025387,2472.0632508708,1.4904842724705604e-05,not_computed
H2AX4H100_identity_ZINB,H2AX4H100,identity,,ZINB,0.1311666965484619,True,29,-1223.2505261256229,2456.5010522512457,2478.4522555865724,0.0091664819620791,not_computed
H2AX4H100_identity_ZINB,H2AX4H100,identity,,P+NB,0.1737771034240722,True,38,-1224.5975402953186,2461.195080590637,2487.5365245930293,48.58686164607765,not_computed
H2AX4H100_identity_ZINB,H2AX4H100,identity,,Z+P+NB,0.2488684654235839,True,29,-1223.2506125877585,2462.501225175517,2497.62315051204,0.0061346226592043,not_computed
H2AX4H100_identity_ZINB,H2AX4H100,identity,,ZIP--ZINB,0.3049635887145996,True,42,-1220.4863573634198,2460.9727147268395,2504.875121397493,0.0434707875230294,not_computed
H2AX4H100_identity_ZIP,H2AX4H100,identity,,Poisson,0.0396037101745605,True,5,-1305.5349257185617,2615.069851437124,2623.850332771254,9.479684058177895e-06,not_computed
H2AX4H100_identity_ZIP,H2AX4H100,identity,,NB,0.0350942611694335,True,9,-1302.6526742466276,2611.305348493255,2624.476070494451,4.5818854647716734e-05,not_computed
H2AX4H100_identity_ZIP,H2AX4H100,identity,,ZIP,0.0375201702117919,True,10,-1223.2511441012691,2454.5022882025387,2472.0632508708,1.4904842724705604e-05,not_computed
H2AX4H100_identity_ZIP,H2AX4H100,identity,,ZINB,0.132150650024414,True,29,-1223.2505261256229,2456.5010522512457,2478.4522555865724,0.0091664819620791,not_computed
H2AX4H100_identity_ZIP,H2AX4H100,identity,,P+NB,0.17626953125,True,38,-1224.5975402953186,2461.195080590637,2487.5365245930293,48.58686164607765,not_computed
H2AX4H100_identity_ZIP,H2AX4H100,identity,,Z+P+NB,0.2518675327301025,True,29,-1223.2506125877585,2462.501225175517,2497.62315051204,0.0061346226592043,not_computed
H2AX4H100_identity_ZIP,H2AX4H100,identity,,ZIP--ZINB,0.3081183433532715,True,42,-1220.4863573634198,2460.9727147268395,2504.875121397493,0.0434707875230294,not_computed
H2AX4H100_identity_Z_plus_P_plus_NB,H2AX4H100,identity,,Poisson,0.0445668697357177,True,5,-1305.5349257185617,2615.069851437124,2623.850332771254,9.479684058177895e-06,not_computed
H2AX4H100_identity_Z_plus_P_plus_NB,H2AX4H100,identity,,NB,0.0346865653991699,True,9,-1302.6526742466276,2611.305348493255,2624.476070494451,4.5818854647716734e-05,not_computed
H2AX4H100_identity_Z_plus_P_plus_NB,H2AX4H100,identity,,ZIP,0.0397720336914062,True,10,-1223.2511441012691,2454.5022882025387,2472.0632508708,1.4904842724705604e-05,not_computed
H2AX4H100_identity_Z_plus_P_plus_NB,H2AX4H100,identity,,ZINB,0.1325840950012207,True,29,-1223.2505261256229,2456.5010522512457,2478.4522555865724,0.0091664819620791,not_computed
H2AX4H100_identity_Z_plus_P_plus_NB,H2AX4H100,identity,,P+NB,0.1761054992675781,True,38,-1224.5975402953186,2461.195080590637,2487.5365245930293,48.58686164607765,not_computed
H2AX4H100_identity_Z_plus_P_plus_NB,H2AX4H100,identity,,Z+P+NB,0.2401456832885742,True,29,-1223.2506125877585,2462.501225175517,2497.62315051204,0.0061346226592043,not_computed
H2AX4H100_identity_Z_plus_P_plus_NB,H2AX4H100,identity,,ZIP--ZINB,0.2989101409912109,True,42,-1220.4863573634198,2460.9727147268395,2504.875121397493,0.0434707875230294,not_computed
H2AX4H100_log_NB,H2AX4H100,log,,Poisson,0.045861005783081,True,9,-1305.4081337130851,2614.8162674261703,2623.596748760301,3.70508071707576e-05,not_computed
H2AX4H100_log_NB,H2AX4H100,log,,NB,0.0379383563995361,True,13,-1302.5439248473122,2611.0878496946243,2624.25857169582,7.762160236701732e-05,not_computed
H2AX4H100_log_NB,H2AX4H100,log,,ZIP,0.0424230098724365,True,13,-1224.5668501209627,2457.133700241925,2474.6946629101867,0.0009587249756535,not_computed
H2AX4H100_log_NB,H2AX4H100,log,,ZINB,0.1266236305236816,True,30,-1224.566849025342,2459.133698050684,2481.08490138601,0.0044634521968944,not_computed
H2AX4H100_log_NB,H2AX4H100,log,,P+NB,0.3780412673950195,True,88,-1225.7942659529906,2463.588531905981,2489.9299759083733,1.0979630022944775e-06,not_computed
H2AX4H100_log_NB,H2AX4H100,log,,Z+P+NB,0.2956740856170654,True,73,-1224.5668501288292,2465.1337002576583,2500.2556255941813,0.0004364906638087,not_computed
H2AX4H100_log_NB,H2AX4H100,log,,ZIP--ZINB,0.2319965362548828,True,45,-1222.4616653299322,2464.9233306598644,2508.8257373305178,0.1284558550593093,not_computed
H2AX4H100_log_P_plus_NB,H2AX4H100,log,,Poisson,0.0461401939392089,True,9,-1305.4081337130851,2614.8162674261703,2623.596748760301,3.70508071707576e-05,not_computed
H2AX4H100_log_P_plus_NB,H2AX4H100,log,,NB,0.0381178855895996,True,13,-1302.5439248473122,2611.0878496946243,2624.25857169582,7.762160236701732e-05,not_computed
H2AX4H100_log_P_plus_NB,H2AX4H100,log,,ZIP,0.042109727859497,True,13,-1224.5668501209627,2457.133700241925,2474.6946629101867,0.0009587249756535,not_computed
H2AX4H100_log_P_plus_NB,H2AX4H100,log,,ZINB,0.12703537940979,True,30,-1224.566849025342,2459.133698050684,2481.08490138601,0.0044634521968944,not_computed
H2AX4H100_log_P_plus_NB,H2AX4H100,log,,P+NB,0.3796992301940918,True,88,-1225.7942659529906,2463.588531905981,2489.9299759083733,1.0979630022944775e-06,not_computed
H2AX4H100_log_P_plus_NB,H2AX4H100,log,,Z+P+NB,0.2980215549468994,True,73,-1224.5668501288292,2465.1337002576583,2500.2556255941813,0.0004364906638087,not_computed
H2AX4H100_log_P_plus_NB,H2AX4H100,log,,ZIP--ZINB,0.2331626415252685,True,45,-1222.4616653299322,2464.9233306598644,2508.8257373305178,0.1284558550593093,not_computed
H2AX4H100_log_Poisson,H2AX4H100,log,,Poisson,0.0458369255065918,True,9,-1305.4081337130851,2614.8162674261703,2623.596748760301,3.70508071707576e-05,not_computed
H2AX4H100_log_Poisson,H2AX4H100,log,,NB,0.0377674102783203,True,13,-1302.5439248473122,2611.0878496946243,2624.25857169582,7.762160236701732e-05,not_computed
H2AX4H100_log_Poisson,H2AX4H100,log,,ZIP,0.0425746440887451,True,13,-1224.5668501209627,2457.133700241925,2474.6946629101867,0.0009587249756535,not_computed
H2AX4H100_log_Poisson,H2AX4H100,log,,ZINB,0.1273665428161621,True,30,-1224.566849025342,2459.133698050684,2481.08490138601,0.0044634521968944,not_computed
H2AX4H100_log_Poisson,H2AX4H100,log,,P+NB,0.3767166137695312,True,88,-1225.7942659529906,2463.588531905981,2489.9299759083733,1.0979630022944775e-06,not_computed
H2AX4H100_log_Poisson,H2AX4H100,log,,Z+P+NB,0.2960796356201172,True,73,-1224.5668501288292,2465.1337002576583,2500.2556255941813,0.0004364906638087,not_computed
H2AX4H100_log_Poisson,H2AX4H100,log,,ZIP--ZINB,0.2315948009490966,True,45,-1222.4616653299322,2464.9233306598644,2508.8257373305178,0.1284558550593093,not_computed
H2AX4H100_log_ZINB,H2AX4H100,log,,Poisson,0.0377423763275146,True,9,-1305.4081337130851,2614.8162674261703,2623.596748760301,3.70508071707576e-05,not_computed
H2AX4H100_log_ZINB,H2AX4H100,log,,NB,0.0352702140808105,True,13,-1302.5439248473122,2611.0878496946243,2624.25857169582,7.762160236701732e-05,not_computed
H2AX4H100_log_ZINB,H2AX4H100,log,,ZIP,0.0378162860870361,True,13,-1224.5668501209627,2457.133700241925,2474.6946629101867,0.0009587249756535,not_computed
H2AX4H100_log_ZINB,H2AX4H100,log,,ZINB,0.1180717945098877,True,30,-1224.566849025342,2459.133698050684,2481.08490138601,0.0044634521968944,not_computed
H2AX4H100_log_ZINB,H2AX4H100,log,,P+NB,0.3501796722412109,True,88,-1225.7942659529906,2463.588531905981,2489.9299759083733,1.0979630022944775e-06,not_computed
H2AX4H100_log_ZINB,H2AX4H100,log,,Z+P+NB,0.2747409343719482,True,73,-1224.5668501288292,2465.1337002576583,2500.2556255941813,0.0004364906638087,not_computed
H2AX4H100_log_ZINB,H2AX4H100,log,,ZIP--ZINB,0.2234694957733154,True,45,-1222.4616653299322,2464.9233306598644,2508.8257373305178,0.1284558550593093,not_computed
H2AX4H100_log_ZIP,H2AX4H100,log,,Poisson,0.0375764369964599,True,9,-1305.4081337130851,2614.8162674261703,2623.596748760301,3.70508071707576e-05,not_computed
H2AX4H100_log_ZIP,H2AX4H100,log,,NB,0.0353455543518066,True,13,-1302.5439248473122,2611.0878496946243,2624.25857169582,7.762160236701732e-05,not_computed
H2AX4H100_log_ZIP,H2AX4H100,log,,ZIP,0.0374300479888916,True,13,-1224.5668501209627,2457.133700241925,2474.6946629101867,0.0009587249756535,not_computed
H2AX4H100_log_ZIP,H2AX4H100,log,,ZINB,0.1159679889678955,True,30,-1224.566849025342,2459.133698050684,2481.08490138601,0.0044634521968944,not_computed
H2AX4H100_log_ZIP,H2AX4H100,log,,P+NB,0.3505606651306152,True,88,-1225.7942659529906,2463.588531905981,2489.9299759083733,1.0979630022944775e-06,not_computed
H2AX4H100_log_ZIP,H2AX4H100,log,,Z+P+NB,0.2750329971313476,True,73,-1224.5668501288292,2465.1337002576583,2500.2556255941813,0.0004364906638087,not_computed
H2AX4H100_log_ZIP,H2AX4H100,log,,ZIP--ZINB,0.223475694656372,True,45,-1222.4616653299322,2464.9233306598644,2508.8257373305178,0.1284558550593093,not_computed
H2AX4H100_log_Z_plus_P_plus_NB,H2AX4H100,log,,Poisson,0.037677526473999,True,9,-1305.4081337130851,2614.8162674261703,2623.596748760301,3.70508071707576e-05,not_computed
H2AX4H100_log_Z_plus_P_plus_NB,H2AX4H100,log,,NB,0.0351762771606445,True,13,-1302.5439248473122,2611.0878496946243,2624.25857169582,7.762160236701732e-05,not_computed
H2AX4H100_log_Z_plus_P_plus_NB,H2AX4H100,log,,ZIP,0.0375735759735107,True,13,-1224.5668501209627,2457.133700241925,2474.6946629101867,0.0009587249756535,not_computed
H2AX4H100_log_Z_plus_P_plus_NB,H2AX4H100,log,,ZINB,0.1167612075805664,True,30,-1224.566849025342,2459.133698050684,2481.08490138601,0.0044634521968944,not_computed
H2AX4H100_log_Z_plus_P_plus_NB,H2AX4H100,log,,P+NB,0.3501203060150146,True,88,-1225.7942659529906,2463.588531905981,2489.9299759083733,1.0979630022944775e-06,not_computed
H2AX4H100_log_Z_plus_P_plus_NB,H2AX4H100,log,,Z+P+NB,0.2740416526794433,True,73,-1224.5668501288292,2465.1337002576583,2500.2556255941813,0.0004364906638087,not_computed
H2AX4H100_log_Z_plus_P_plus_NB,H2AX4H100,log,,ZIP--ZINB,0.2218155860900879,True,45,-1222.4616653299322,2464.9233306598644,2508.8257373305178,0.1284558550593093,not_computed
