Scenario,Dataset,Rep,Count,Observed,Expected,RootogramDiff
D2,Dataset 2,1,0,16556.0,16554.910506532175,0.004233738902087225
D2,Dataset 2,1,1,234.0,233.5555160932144,0.014535316741874027
D2,Dataset 2,1,2,260.0,258.69875425598934,0.0404005300846606
D2,Dataset 2,1,3,285.0,284.43869019067597,0.01663275540439102
D2,Dataset 2,1,4,288.0,292.1499570483556,-0.12183196520635775
D2,Dataset 2,1,5,280.0,274.78785032542095,0.15647436640465173
D2,Dataset 2,1,6,234.0,239.30616846563584,-0.17246531956187994
D2,Dataset 2,1,7,200.0,198.37081365703463,0.057718218064692906
D2,Dataset 2,1,8,159.0,161.86895405791765,-0.11325283614269388
D2,Dataset 2,1,9,137.0,133.8772312761369,0.13416702428190064
D2,Dataset 2,1,10,113.0,114.04727518561097,-0.0491460732290907
D2,Dataset 2,1,11,98.0,100.19049522007481,-0.11002529265381256
D2,Dataset 2,1,12,86.0,90.07769031718556,-0.21730824098190737
D2,Dataset 2,1,13,92.0,82.12860283421526,0.5291797868221266
D2,Dataset 2,1,14,77.0,75.42453353466644,0.09023448170901993
D2,Dataset 2,1,15,56.0,69.4957395373301,-0.8530956972320984
D2,Dataset 2,1,16,63.0,64.1185859535144,-0.07015425881907067
D2,Dataset 2,1,17,68.0,59.1861295602715,0.5529590416511647
D2,Dataset 2,1,18,42.0,54.641296745810706,-0.9112344602226603
D2,Dataset 2,1,19,43.0,50.44707959938517,-0.5451722350867731
D2,Dataset 2,1,20,61.0,46.57465555929201,0.9856870115821472
D2,Dataset 2,1,21,52.0,42.99904351284751,0.6537369584932007
D2,Dataset 2,1,22,38.0,39.69759522901319,-0.13618876414887993
D2,Dataset 2,1,23,41.0,36.649459287671355,0.34924454853322917
D2,Dataset 2,1,24,28.0,33.83535402789209,-0.5253138635347838
D2,Dataset 2,1,25,33.0,31.237433824473126,0.155516768709405
D2,Dataset 2,1,26,28.0,28.839184132642004,-0.07871004895210465
D2,Dataset 2,1,27,27.0,26.625327461334305,0.036178831559647406
D2,Dataset 2,1,28,26.0,24.581735738696786,0.14102236366452114
D2,Dataset 2,1,29,27.0,22.695347999820235,0.4321889467949793
D2,Dataset 2,1,30,18.0,20.95409311978283,-0.33492341617657484
D2,Dataset 2,1,31,16.0,19.346817444832475,-0.398501727274013
D2,Dataset 2,1,32,24.0,17.863217162599557,0.6724895515194804
D2,Dataset 2,1,33,21.0,16.4937752224957,0.5213227820611381
D2,Dataset 2,1,34,17.0,15.229702594575489,0.22058046944307286
D2,Dataset 2,1,35,19.0,14.062883641626414,0.6088477916726873
D2,Dataset 2,1,36,9.0,12.985825373439475,-0.6035850723188809
D2,Dataset 2,1,37,8.0,11.991610351926248,-0.6344633372705117
D2,Dataset 2,1,38,9.0,11.073853019525153,-0.3277399266657173
D2,Dataset 2,1,39,10.0,10.226659229829462,-0.03563716512473025
D2,Dataset 2,1,40,3.0,9.444588767695123,-1.3411541591873468
D2,Dataset 2,1,41,6.0,8.722620655624945,-0.5039185689178889
D2,Dataset 2,1,42,3.0,8.056121053408283,-1.1062798732025305
D2,Dataset 2,1,43,2.0,7.4408135685374095,-1.31357190729592
D2,Dataset 2,1,44,8.0,6.872751805503026,0.20683375324422792
D2,Dataset 2,1,45,5.0,6.348293992534768,-0.2835141292263965
D2,Dataset 2,1,46,6.0,5.864079534577731,0.027903581900660335
D2,Dataset 2,1,47,6.0,5.417007351132723,0.12204321254177986
D2,Dataset 2,1,48,3.0,5.004215867063476,-0.5049596678342838
D2,Dataset 2,1,49,7.0,4.62306453345338,0.49562002822314977
D2,Dataset 2,1,50,5.0,4.271116764146804,0.16939994316365015
D2,Dataset 2,1,51,5.0,3.946124181657345,0.24958259329547983
D2,Dataset 2,1,52,4.0,3.646012073715776,0.09054665578973209
D2,Dataset 2,1,53,5.0,3.368865968842379,0.40062090148741425
D2,Dataset 2,1,54,3.0,3.1129192460027397,-0.03229588341981282
D2,Dataset 2,1,55,6.0,2.876541699628426,0.7534526855145502
D2,Dataset 2,1,56,3.0,2.6582289870994105,0.10164319378040787
D2,Dataset 2,1,57,6.0,2.456592891202369,0.8821375516013845
D2,Dataset 2,1,58,0.0,2.2703523351205073,-1.506768839311627
D2,Dataset 2,1,59,3.0,2.0983250921924625,0.28349114632172556
D2,Dataset 2,1,60,6.0,1.939420137031694,1.0568590892961545
D2,Dataset 2,1,>60,22.0,23.876499168892995,-0.19594271749820358
D2,Dataset 2,2,0,16439.0,16440.229705412356,-0.0047954047552138945
D2,Dataset 2,2,1,251.0,255.5685122084676,-0.1435308021513464
D2,Dataset 2,2,2,286.0,266.2780546867533,0.5935060081306354
D2,Dataset 2,2,3,286.0,284.63892477214324,0.0402890237800797
D2,Dataset 2,2,4,254.0,292.7519021776566,-1.1726167685913893
D2,Dataset 2,2,5,291.0,280.2249663528528,0.31880077271272
D2,Dataset 2,2,6,254.0,249.41426082847696,0.14452271083416868
D2,Dataset 2,2,7,240.0,210.42238089953875,0.9859904337651368
D2,Dataset 2,2,8,153.0,173.16842349797952,-0.7900305043046245
D2,Dataset 2,2,9,125.0,143.0239813410614,-0.7789235238095156
D2,Dataset 2,2,10,134.0,120.86039082602981,0.5821846058495126
D2,Dataset 2,2,11,102.0,105.11276546049254,-0.15294674211379444
D2,Dataset 2,2,12,86.0,93.67394413074769,-0.404911564939491
D2,Dataset 2,2,13,85.0,84.85070872516553,0.008100014363996877
D2,Dataset 2,2,14,74.0,77.56873272986024,-0.2049860553678755
D2,Dataset 2,2,15,74.0,71.23897702847333,0.16200672871284816
D2,Dataset 2,2,16,70.0,65.56521131701484,0.26936547085598406
D2,Dataset 2,2,17,66.0,60.4012083773054,0.352216972223518
D2,Dataset 2,2,18,67.0,55.66936235383166,0.724162360561956
D2,Dataset 2,2,19,70.0,51.321400668524525,1.2027046303859494
D2,Dataset 2,2,20,49.0,47.321570180770166,0.12093246284278969
D2,Dataset 2,2,21,36.0,43.64004583271353,-0.6060612949558326
D2,Dataset 2,2,22,38.0,40.25046633626205,-0.17991151959542417
D2,Dataset 2,2,23,39.0,37.12898860010627,0.15164189522288574
D2,Dataset 2,2,24,41.0,34.25386545776698,0.5504440430460944
D2,Dataset 2,2,25,25.0,31.605200031876464,-0.6218502320745314
D2,Dataset 2,2,26,33.0,29.164764287155712,0.34412152685570074
D2,Dataset 2,2,27,21.0,26.915846748399048,-0.6054727578247476
D2,Dataset 2,2,28,17.0,24.843118201203865,-0.8611815050765435
D2,Dataset 2,2,29,16.0,22.932511195236845,-0.7887901598667746
D2,Dataset 2,2,30,22.0,21.17111123062419,0.08920817587069152
D2,Dataset 2,2,31,13.0,19.54705818720771,-0.8156542374258735
D2,Dataset 2,2,32,14.0,18.04945685121889,-0.5068078480160163
D2,Dataset 2,2,33,13.0,16.66829557151157,-0.47713112358587706
D2,Dataset 2,2,34,19.0,15.39437220881777,0.43533268198502517
D2,Dataset 2,2,35,13.0,14.219226647288679,-0.165287709070975
D2,Dataset 2,2,36,10.0,13.135079225668065,-0.4619573247171296
D2,Dataset 2,2,37,13.0,12.13477451988862,0.12205094965826024
D2,Dataset 2,2,38,11.0,11.211729972457126,-0.03176735699788269
D2,Dataset 2,2,39,14.0,10.359888918718688,0.5229792545714234
D2,Dataset 2,2,40,9.0,9.573677607510447,-0.09413600339585049
D2,Dataset 2,2,41,8.0,8.84796585509758,-0.1461259265705248
D2,Dataset 2,2,42,7.0,8.178031007556772,-0.2139743764020885
D2,Dataset 2,2,43,11.0,7.559524918751931,0.5671657674289023
D2,Dataset 2,2,44,3.0,6.988443679347021,-0.911515662060177
D2,Dataset 2,2,45,9.0,6.4610998574463405,0.45813063721867486
D2,Dataset 2,2,46,8.0,5.974097033880814,0.3842305217944526
D2,Dataset 2,2,47,6.0,5.524306435194361,0.09910542629483787
D2,Dataset 2,2,48,5.0,5.108845485388457,-0.02420755556879106
D2,Dataset 2,2,49,5.0,4.725058113613765,0.06234809821134624
D2,Dataset 2,2,50,4.0,4.370496669579966,-0.09057328730182679
D2,Dataset 2,2,51,4.0,4.042905311578538,-0.010697717604149837
D2,Dataset 2,2,52,5.0,3.7402047438917165,0.30210708236987105
D2,Dataset 2,2,53,5.0,3.460478191114939,0.37583191959882023
D2,Dataset 2,2,54,7.0,3.201958506665928,0.8563495935439194
D2,Dataset 2,2,55,4.0,2.963016321602342,0.27865856913791154
D2,Dataset 2,2,56,3.0,2.742149147911167,0.07610722522340163
D2,Dataset 2,2,57,3.0,2.537971357743473,0.13894963132693094
D2,Dataset 2,2,58,3.0,2.349204966730815,0.19933916908927896
D2,Dataset 2,2,59,2.0,2.174671155582507,-0.06046306508884003
D2,Dataset 2,2,60,3.0,2.013282469695591,0.3131489541288335
D2,Dataset 2,2,>60,22.0,25.531427164491852,-0.3624475041578794
D2,Dataset 2,0,0,16463.0,16462.73469082491,0.0010338785719170573
D2,Dataset 2,0,1,264.0,252.38684089500907,0.36138927237458773
D2,Dataset 2,0,2,267.0,282.63630388741666,-0.4716559827232061
D2,Dataset 2,0,3,307.0,308.14603254470035,-0.032673302055091114
D2,Dataset 2,0,4,319.0,308.3498182387515,0.3006787809508573
D2,Dataset 2,0,5,280.0,280.50420685698117,-0.015059285101774122
D2,Dataset 2,0,6,239.0,236.94698038020192,0.06654260891600394
D2,Dataset 2,0,7,195.0,192.60200574686922,0.0861275731600788
D2,Dataset 2,0,8,142.0,156.40313959898918,-0.589748795970495
D2,Dataset 2,0,9,126.0,130.3437060757615,-0.19184464979479898
D2,Dataset 2,0,10,112.0,112.49833530804052,-0.023517998918004324
D2,Dataset 2,0,11,112.0,100.02279239225672,0.5818656895747711
D2,Dataset 2,0,12,84.0,90.65584660681564,-0.3561849977397742
D2,Dataset 2,0,13,87.0,83.01598487846174,0.21606823200155922
D2,Dataset 2,0,14,70.0,76.38540883423845,-0.3732743810279473
D2,Dataset 2,0,15,78.0,70.42628946328537,0.4397236009622212
D2,Dataset 2,0,16,56.0,64.98370727907613,-0.5779324797669618
D2,Dataset 2,0,17,49.0,59.98065340160575,-0.7447177741739406
D2,Dataset 2,0,18,60.0,55.37083508331287,0.3048085108336318
D2,Dataset 2,0,19,52.0,51.11997884240376,0.061278857828702904
D2,Dataset 2,0,20,43.0,47.19910031789803,-0.31272161341662663
D2,Dataset 2,0,21,34.0,43.58222024549812,-0.7707312424688588
D2,Dataset 2,0,22,37.0,40.24557677530073,-0.2611776314073371
D2,Dataset 2,0,23,56.0,37.167303634468155,1.3868154801444827
D2,Dataset 2,0,24,35.0,34.327247185624906,0.05713387230432154
D2,Dataset 2,0,25,29.0,31.706826850147813,-0.2457167268837548
D2,Dataset 2,0,26,38.0,29.28891280824359,0.7524907950655608
D2,Dataset 2,0,27,27.0,27.057714096091964,-0.005550576897628723
D2,Dataset 2,0,28,24.0,24.998675145872156,-0.100888027265575
D2,Dataset 2,0,29,23.0,23.098379986408347,-0.010245877895916244
D2,Dataset 2,0,30,23.0,21.34446358158261,0.17582464219418448
D2,Dataset 2,0,31,25.0,19.725529841128072,0.5586567526109771
D2,Dataset 2,0,32,20.0,18.231075858320608,0.20234956007060045
D2,Dataset 2,0,33,22.0,16.85142194568009,0.5853674110606422
D2,Dataset 2,0,34,17.0,15.577647058529003,0.1762528213533563
D2,Dataset 2,0,35,12.0,14.401529216981656,-0.330833063744302
D2,Dataset 2,0,36,10.0,13.315490558910167,-0.48676201609031633
D2,Dataset 2,0,37,12.0,12.312546678693884,-0.04482224819896441
D2,Dataset 2,0,38,16.0,11.38625992874463,0.6256467391891776
D2,Dataset 2,0,39,5.0,10.530696382407493,-1.0090354696043997
D2,Dataset 2,0,40,12.0,9.740386177654813,0.34314243923448506
D2,Dataset 2,0,41,7.0,9.010286980904441,-0.3559626961160469
D2,Dataset 2,0,42,10.0,8.335750329119989,0.2751077086206726
D2,Dataset 2,0,43,5.0,7.712490626158622,-0.5410691502198017
D2,Dataset 2,0,44,10.0,7.136556586010819,0.49084422734419286
D2,Dataset 2,0,45,8.0,6.604304931194952,0.2585428994949921
D2,Dataset 2,0,46,13.0,6.112376169166107,1.1332292557493027
D2,Dataset 2,0,47,3.0,5.657672283141047,-0.6465353866105659
D2,Dataset 2,0,48,5.0,5.237336186385136,-0.05245473079592111
D2,Dataset 2,0,49,4.0,4.848732800679752,-0.20198383297420053
D2,Dataset 2,0,50,6.0,4.489431630554738,0.33066185204860066
D2,Dataset 2,0,51,5.0,4.1571907149011444,0.19714897104044926
D2,Dataset 2,0,52,2.0,3.849941846861789,-0.5479133058140231
D2,Dataset 2,0,53,1.0,3.565776961477752,-0.8883264975839724
D2,Dataset 2,0,54,4.0,3.302935598503084,0.18260197025993108
D2,Dataset 2,0,55,0.0,3.059793355092939,-1.749226501941055
D2,Dataset 2,0,56,4.0,2.834851249840278,0.316298348922744
D2,Dataset 2,0,57,1.0,2.6267259258424325,-0.620717719358443
D2,Dataset 2,0,58,3.0,2.4341406262217267,0.17187753955608165
D2,Dataset 2,0,59,3.0,2.2559168808117547,0.23007980891019653
D2,Dataset 2,0,60,2.0,2.0909668475859307,-0.031804019672825534
D2,Dataset 2,0,>60,22.0,27.074260056274497,-0.5128774335565565
D3,Dataset 3,0,0,13040.0,13035.096486817592,0.021472340686841562
D3,Dataset 3,0,1,531.0,549.9577093498859,-0.4077398984884688
D3,Dataset 3,0,2,663.0,664.6822353787902,-0.03264560935462768
D3,Dataset 3,0,3,768.0,749.6818907804909,0.3324935149940984
D3,Dataset 3,0,4,795.0,772.7591951878657,0.3971977216929261
D3,Dataset 3,0,5,735.0,725.7256672066019,0.1715874562852555
D3,Dataset 3,0,6,566.0,625.9748276972125,-1.228734450814283
D3,Dataset 3,0,7,521.0,503.4959298016834,0.3867094444135013
D3,Dataset 3,0,8,410.0,385.7105589341782,0.6089414894839038
D3,Dataset 3,0,9,275.0,288.9061300630407,-0.41411494349774713
D3,Dataset 3,0,10,209.0,217.69057653728237,-0.29750864396286936
D3,Dataset 3,0,11,164.0,169.04183147455606,-0.19536032845383922
D3,Dataset 3,0,12,157.0,136.97504065317395,0.8263304344429798
D3,Dataset 3,0,13,114.0,115.67416996802675,-0.07811444582523386
D3,Dataset 3,0,14,99.0,100.80177169714467,-0.09013417958477454
D3,Dataset 3,0,15,91.0,89.60751283266268,0.07326752562279992
D3,Dataset 3,0,16,80.0,80.53709941564715,-0.029974543918136476
D3,Dataset 3,0,17,62.0,72.78068244439615,-0.6571516277438647
D3,Dataset 3,0,18,67.0,65.93423492129955,0.06536293682342276
D3,Dataset 3,0,19,64.0,59.793850274018844,0.2673516649197838
D3,Dataset 3,0,20,41.0,54.24727501406988,-0.9621507074738167
D3,Dataset 3,0,21,46.0,49.222571746553456,-0.23354998638343627
D3,Dataset 3,0,22,49.0,44.665831530556964,0.3167499275758834
D3,Dataset 3,0,23,43.0,40.53211590228796,0.19095473006455954
D3,Dataset 3,0,24,32.0,36.78190496979707,-0.40795448366623965
D3,Dataset 3,0,25,47.0,33.379670798849425,1.0781403599296784
D3,Dataset 3,0,26,24.0,30.29322356882526,-0.6049485271192445
D3,Dataset 3,0,27,26.0,27.493329739247113,-0.14438870427916672
D3,Dataset 3,0,28,24.0,24.953429017021683,-0.09636124525688672
D3,Dataset 3,0,29,21.0,22.649393579536262,-0.1765622080194733
D3,Dataset 3,0,30,24.0,20.559311765604484,0.36474175849419854
D3,Dataset 3,0,31,21.0,18.663290491921817,0.26247262999062837
D3,Dataset 3,0,32,19.0,16.943274148563003,0.24267808593803508
D3,Dataset 3,0,33,12.0,15.382878667516257,-0.45799969251816286
D3,Dataset 3,0,34,17.0,13.967239693420925,0.3858285829807455
D3,Dataset 3,0,35,10.0,12.682873849408908,-0.3990246085823239
D3,Dataset 3,0,36,13.0,11.51755212492208,0.2117993509824605
D3,Dataset 3,0,37,14.0,10.460184448982412,0.5074365456775247
D3,Dataset 3,0,38,11.0,9.50071455613187,0.23430187473934305
D3,Dataset 3,0,39,13.0,8.630024301450224,0.6678609749982942
D3,Dataset 3,0,40,12.0,7.839846633215872,0.6641290021974293
D3,Dataset 3,0,41,7.0,7.122686485072453,-0.023084855707819596
D3,Dataset 3,0,42,3.0,6.471748902406864,-0.8119124198396608
D3,Dataset 3,0,43,9.0,5.880873769151203,0.5749487079339533
D3,Dataset 3,0,44,3.0,5.344476550663075,-0.5797615876446867
D3,Dataset 3,0,45,4.0,4.857494515306916,-0.20397243977934432
D3,Dataset 3,0,46,4.0,4.415337941638377,-0.10127055412633057
D3,Dataset 3,0,47,2.0,4.013845859525621,-0.5892449122466361
D3,Dataset 3,0,48,2.0,3.6492459121558243,-0.49608639107814856
D3,Dataset 3,0,49,3.0,3.3181179616642678,-0.0895193836848851
D3,Dataset 3,0,50,3.0,3.017361094226727,-0.0050044863773826
D3,Dataset 3,0,51,2.0,2.7441637109393477,-0.242338190799545
D3,Dataset 3,0,52,2.0,2.495976418856198,-0.16565238727459497
D3,Dataset 3,0,53,5.0,2.2704874622693945,0.7292542988157282
D3,Dataset 3,0,54,6.0,2.065600457880782,1.0122700456314926
D3,Dataset 3,0,55,0.0,1.879414219051018,-1.3709172911051264
D3,Dataset 3,0,56,2.0,1.710204473995454,0.10646569906172498
D3,Dataset 3,0,57,2.0,1.5564073007398125,0.1666530224633831
D3,Dataset 3,0,58,0.0,1.4166041180122604,-1.1902117954432565
D3,Dataset 3,0,59,0.0,1.2895080861471746,-1.1355650955128793
D3,Dataset 3,0,60,1.0,1.1739517856281019,-0.08349055631699054
D3,Dataset 3,0,>60,10.0,12.11315499123827,-0.3181181493967151
D3,Dataset 3,1,0,13059.0,13057.818905909413,0.0051678435806508105
D3,Dataset 3,1,1,573.0,584.0005608691531,-0.22868514448005683
D3,Dataset 3,1,2,686.0,674.7260369764078,0.21611254982119377
D3,Dataset 3,1,3,745.0,743.4775363243073,0.02790363974237664
D3,Dataset 3,1,4,763.0,758.0678391265983,0.08942285153981899
D3,Dataset 3,1,5,700.0,709.9784895383876,-0.18790843862570128
D3,Dataset 3,1,6,627.0,614.1406944367711,0.25810584429886063
D3,Dataset 3,1,7,468.0,497.23345873803146,-0.6654245698791144
D3,Dataset 3,1,8,388.0,384.1761281493654,0.09730417552862747
D3,Dataset 3,1,9,331.0,290.2284183897483,1.1573137579772812
D3,Dataset 3,1,10,215.0,220.12624282307857,-0.17377370994384655
D3,Dataset 3,1,11,166.0,171.4668706661967,-0.2104371820498283
D3,Dataset 3,1,12,132.0,138.87433252928886,-0.2953701364825996
D3,Dataset 3,1,13,108.0,116.92867584530174,-0.421051518144802
D3,Dataset 3,1,14,76.0,101.47915652821638,-1.355888455475501
D3,Dataset 3,1,15,103.0,89.82996180550815,0.671024621232533
D3,Dataset 3,1,16,73.0,80.4208682722828,-0.42376455411364944
D3,Dataset 3,1,17,77.0,72.41830434641867,0.2650698906067088
D3,Dataset 3,1,18,65.0,65.39500588719085,-0.024460120354396153
D3,Dataset 3,1,19,64.0,59.12924645502168,0.31044562701962075
D3,Dataset 3,1,20,60.0,53.4960839412699,0.4318649744135117
D3,Dataset 3,1,21,58.0,48.414547567266524,0.6577167991596777
D3,Dataset 3,1,22,53.0,43.82408367121843,0.6601337812255625
D3,Dataset 3,1,23,30.0,39.67467772987446,-0.8215582543771962
D3,Dataset 3,1,24,33.0,35.922819304376446,-0.24900217786959988
D3,Dataset 3,1,25,28.0,32.529789656852785,-0.4119866306749991
D3,Dataset 3,1,26,32.0,29.460827009713142,0.22907136789946048
D3,Dataset 3,1,27,28.0,26.68461933134555,0.1257868603643555
D3,Dataset 3,1,28,18.0,24.172927551259853,-0.673956464494812
D3,Dataset 3,1,29,17.0,21.900271255961034,-0.55666693893727
D3,Dataset 3,1,30,22.0,19.843653242494447,0.23579419985961536
D3,Dataset 3,1,31,17.0,17.98231378218052,-0.11745020848952858
D3,Dataset 3,1,32,19.0,16.297510069319298,0.3218814715300189
D3,Dataset 3,1,33,25.0,14.772317869378778,1.1565226852004478
D3,Dataset 3,1,34,14.0,13.391452991591873,0.0822239618306928
D3,Dataset 3,1,35,13.0,12.141110540158376,0.12114163534439282
D3,Dataset 3,1,36,8.0,11.00882013357441,-0.4895270843372339
D3,Dataset 3,1,37,6.0,9.983315475944998,-0.7101487612145498
D3,Dataset 3,1,38,18.0,9.054416833368716,1.2335848828230738
D3,Dataset 3,1,39,6.0,8.212925118370062,-0.4163304048133285
D3,Dataset 3,1,40,5.0,7.450526418787731,-0.49349726604866406
D3,Dataset 3,1,41,6.0,6.759705926711093,-0.15045370404621305
D3,Dataset 3,1,42,9.0,6.1336703295263195,0.5233752142227277
D3,Dataset 3,1,43,5.0,5.566277820434502,-0.12322806590690849
D3,Dataset 3,1,44,6.0,5.051974971137763,0.2018298550026083
D3,Dataset 3,1,45,4.0,4.585739785842304,-0.1414340489126218
D3,Dataset 3,1,46,6.0,4.163030324305549,0.4091392032175989
D3,Dataset 3,1,47,5.0,3.7797383431452083,0.2919130600240223
D3,Dataset 3,1,48,1.0,3.4321474598530948,-0.8526055866948838
D3,Dataset 3,1,49,3.0,3.1168953935079706,-0.033422328309426375
D3,Dataset 3,1,50,1.0,2.8309398807260666,-0.682539711485606
D3,Dataset 3,1,51,1.0,2.5715279053867937,-0.6035984239786449
D3,Dataset 3,1,52,2.0,2.336167916636543,-0.11423922284355759
D3,Dataset 3,1,53,5.0,2.1226047420079057,0.7791518021458659
D3,Dataset 3,1,54,0.0,1.9287969315666618,-1.3888113376433322
D3,Dataset 3,1,55,1.0,1.7528962951545681,-0.3239698996406859
D3,Dataset 3,1,56,0.0,1.5932294183294684,-1.2622319193909923
D3,Dataset 3,1,57,1.0,1.4482809637801235,-0.20344545525757973
D3,Dataset 3,1,58,0.0,1.3166785840552777,-1.1474661581307215
D3,Dataset 3,1,59,2.0,1.197179288604182,0.3200566775507301
D3,Dataset 3,1,60,2.0,1.0886571235772229,0.3708262308527135
D3,Dataset 3,1,>60,11.0,11.08811748471706,-0.013257712784472186
D3,Dataset 3,2,0,12966.0,12966.026821340922,-0.00011777341211427483
D3,Dataset 3,2,1,594.0,561.4374918864639,0.6774429881423636
D3,Dataset 3,2,2,646.0,684.3251648270376,-0.7430793622835346
D3,Dataset 3,2,3,773.0,774.0359450284202,-0.018623938754242175
D3,Dataset 3,2,4,794.0,794.8820653847947,-0.015647320084696048
D3,Dataset 3,2,5,767.0,740.0691091093142,0.4905536097453904
D3,Dataset 3,2,6,609.0,631.2580632803457,-0.4469241590600497
D3,Dataset 3,2,7,497.0,502.09225609438926,-0.11391839372126
D3,Dataset 3,2,8,351.0,381.2701788217828,-0.7911469144106462
D3,Dataset 3,2,9,316.0,284.35764839899315,0.9134813629348102
D3,Dataset 3,2,10,233.0,214.50228950920413,0.6184408442500438
D3,Dataset 3,2,11,139.0,167.46450045809354,-1.1509814433653602
D3,Dataset 3,2,12,123.0,136.62641625848659,-0.5981938035295791
D3,Dataset 3,2,13,121.0,116.02255889153635,0.22862316639435676
D3,Dataset 3,2,14,108.0,101.41475134818718,0.3218157138870712
D3,Dataset 3,2,15,107.0,90.21588497852653,0.8458761299465891
D3,Dataset 3,2,16,69.0,81.00812178537855,-0.6938273360707043
D3,Dataset 3,2,17,81.0,73.06859313177259,0.45198308776985385
D3,Dataset 3,2,18,78.0,66.03906566623726,0.7053184918175077
D3,Dataset 3,2,19,63.0,59.73547604542291,0.20838104994469475
D3,Dataset 3,2,20,65.0,54.051721268618586,0.7102701756336858
D3,Dataset 3,2,21,46.0,48.91579541046917,-0.21165281714448714
D3,Dataset 3,2,22,38.0,44.27134761630827,-0.48925773647746773
D3,Dataset 3,2,23,33.0,40.0703585169785,-0.5855525591259649
D3,Dataset 3,2,24,40.0,36.27027784013632,0.302074283410505
D3,Dataset 3,2,25,39.0,32.832829518472145,0.5150041486222801
D3,Dataset 3,2,26,32.0,29.72340918139529,0.20493631344498553
D3,Dataset 3,2,27,28.0,26.910690175530352,0.10395115968272695
D3,Dataset 3,2,28,23.0,24.366309677686115,-0.14039270960925343
D3,Dataset 3,2,29,23.0,22.064594025814365,0.09853506409127011
D3,Dataset 3,2,30,12.0,19.982310406393825,-1.0060561456570278
D3,Dataset 3,2,31,16.0,18.098440416171098,-0.25422618300568267
D3,Dataset 3,2,32,11.0,16.393973355747065,-0.7323224006742715
D3,Dataset 3,2,33,15.0,14.851717724691667,0.01919070457610239
D3,Dataset 3,2,34,12.0,13.456129550857943,-0.20415812905402575
D3,Dataset 3,2,35,8.0,12.193156252227123,-0.6634428974950617
D3,Dataset 3,2,36,16.0,11.050094785058167,0.6758317152920541
D3,Dataset 3,2,37,8.0,10.015462894075968,-0.3362944892470483
D3,Dataset 3,2,38,9.0,9.078882349088097,-0.013118376215593752
D3,Dataset 3,2,39,9.0,8.230973124903809,0.1310327424482849
D3,Dataset 3,2,40,5.0,7.463257555025523,-0.4958283519800686
D3,Dataset 3,2,41,3.0,6.768073562378306,-0.8695013372820206
D3,Dataset 3,2,42,3.0,6.138496140876722,-0.7455480584457006
D3,Dataset 3,2,43,11.0,5.568266329071677,0.9569073646724693
D3,Dataset 3,2,44,5.0,5.051726980881071,-0.011536743282107409
D3,Dataset 3,2,45,5.0,4.583764698221764,0.09509513829286398
D3,Dataset 3,2,46,11.0,4.1597573461005695,1.277076471216927
D3,Dataset 3,2,47,1.0,3.775526622378945,-0.9430714403693305
D3,Dataset 3,2,48,3.0,3.42729520214257,-0.11924473937725266
D3,Dataset 3,2,49,4.0,3.1116480204770163,0.23601359969045776
D3,Dataset 3,2,50,4.0,2.825497297721173,0.31907843796292124
D3,Dataset 3,2,51,3.0,2.5660509481046594,0.13016100233736272
D3,Dataset 3,2,52,1.0,2.3307840463324148,-0.5266905535610074
D3,Dataset 3,2,53,0.0,2.1174130573573993,-1.4551333469333314
D3,Dataset 3,2,54,6.0,1.9238725625209436,1.0624524100048047
D3,Dataset 3,2,55,1.0,1.7482942406340105,-0.3222307819113919
D3,Dataset 3,2,56,4.0,1.5889878856529296,0.739449372038977
D3,Dataset 3,2,57,0.0,1.4444242635314097,-1.2018420293580225
D3,Dataset 3,2,58,0.0,1.3132196298216405,-1.1459579529030026
D3,Dataset 3,2,59,3.0,1.1941217467947542,0.6392920296152274
D3,Dataset 3,2,60,0.0,1.085997254428958,-1.0421119202988507
D3,Dataset 3,2,>60,9.0,11.132648273610142,-0.3365623437319649
D1,Dataset 1,2,0,7795.0,7783.009655720996,0.06792985744023383
D1,Dataset 1,2,1,1691.0,1716.210313340404,-0.30539839267621716
D1,Dataset 1,2,2,2162.0,2106.124844966558,0.60477591961088
D1,Dataset 1,2,3,1992.0,2032.5424845083508,-0.45190028244113734
D1,Dataset 1,2,4,1627.0,1632.1842307983507,-0.06421182480778498
D1,Dataset 1,2,5,1142.0,1154.0395265405382,-0.17766677665221664
D1,Dataset 1,2,6,759.0,755.1854769911175,0.06931640768269887
D1,Dataset 1,2,7,501.0,480.9365084518698,0.452764616611244
D1,Dataset 1,2,8,305.0,314.3082441350832,-0.2644914280479149
D1,Dataset 1,2,9,225.0,220.51524607013775,0.15024424207125975
D1,Dataset 1,2,10,166.0,169.1202415927558,-0.1205251276105237
D1,Dataset 1,2,11,139.0,139.9483640220597,-0.04015122409026972
D1,Dataset 1,2,12,129.0,121.6708319993701,0.3273664741629059
D1,Dataset 1,2,13,118.0,108.63992152629127,0.43973287899526703
D1,Dataset 1,2,14,89.0,98.27524724569807,-0.4794061420136515
D1,Dataset 1,2,15,91.0,89.45701130438098,0.08122034600964234
D1,Dataset 1,2,16,77.0,81.69701622760073,-0.2636757884086993
D1,Dataset 1,2,17,90.0,74.76222988462015,0.8403175040475759
D1,Dataset 1,2,18,61.0,68.52007416515795,-0.46743563854919046
D1,Dataset 1,2,19,62.0,62.879443653847034,-0.05564808661138798
D1,Dataset 1,2,20,59.0,57.76913272434463,0.08054493448914002
D1,Dataset 1,2,21,57.0,53.129792178178036,0.26081583341644876
D1,Dataset 1,2,22,41.0,48.910547904980476,-0.5904834084807025
D1,Dataset 1,2,23,39.0,45.067232164433705,-0.468215253423244
D1,Dataset 1,2,24,41.0,41.561230502451224,-0.043675782922306006
D1,Dataset 1,2,25,43.0,38.35861925018465,0.3640049652667008
D1,Dataset 1,2,26,32.0,35.429477881268255,-0.29541236762653433
D1,Dataset 1,2,27,28.0,32.74732548112365,-0.4310252704305091
D1,Dataset 1,2,28,33.0,30.28865257692547,0.24104989767249396
D1,Dataset 1,2,29,24.0,28.03252877186941,-0.39559592440462765
D1,Dataset 1,2,30,27.0,25.96027163907675,0.1010300847174106
D1,Dataset 1,2,31,24.0,24.05516563741309,-0.0056270875863866365
D1,Dataset 1,2,32,17.0,22.30222220632563,-0.5994172389459012
D1,Dataset 1,2,33,21.0,20.68797400129339,0.034172238654564424
D1,Dataset 1,2,34,29.0,19.20029761690898,1.0033503864967495
D1,Dataset 1,2,35,17.0,17.828260221257374,-0.09924682547608654
D1,Dataset 1,2,36,21.0,16.56198636984804,0.5129336505190025
D1,Dataset 1,2,37,16.0,15.392541935618455,0.0766669863981142
D1,Dataset 1,2,38,22.0,14.311832624368408,0.9073174760924334
D1,Dataset 1,2,39,14.0,13.31251497300611,0.09302545507596438
D1,Dataset 1,2,40,9.0,12.38791807409817,-0.5196474360506862
D1,Dataset 1,2,41,13.0,11.531974551975704,0.20967516583105628
D1,Dataset 1,2,42,12.0,10.73915954630071,0.1870359236538759
D1,Dataset 1,2,43,5.0,10.0044366489893,-0.9269111006778226
D1,Dataset 1,2,44,9.0,9.323209897613115,-0.053393177698069394
D1,Dataset 1,2,45,6.0,8.691281059256191,-0.49860812860036763
D1,Dataset 1,2,46,10.0,8.104811548153693,0.3153825886643924
D1,Dataset 1,2,47,7.0,7.560288412255147,-0.10384655267024057
D1,Dataset 1,2,48,4.0,7.054493901285568,-0.6560297252262761
D1,Dataset 1,2,49,4.0,6.5844781943749275,-0.5660238101730326
D1,Dataset 1,2,50,6.0,6.147534921026115,-0.029932553040209253
D1,Dataset 1,2,51,7.0,5.741179156627586,0.24967552832574214
D1,Dataset 1,2,52,5.0,5.363127614330038,-0.07977476636906733
D1,Dataset 1,2,53,1.0,5.011280789940083,-1.2385890176493057
D1,Dataset 1,2,54,2.0,4.683706846470102,-0.7499737785172684
D1,Dataset 1,2,55,4.0,4.3786270508600005,-0.09251691769983061
D1,Dataset 1,2,56,5.0,4.0944025977863285,0.2126049563930712
D1,Dataset 1,2,57,2.0,3.829522674909321,-0.542703062041272
D1,Dataset 1,2,58,3.0,3.582593640802143,-0.16072325205951454
D1,Dataset 1,2,59,4.0,3.352329201555442,0.16906329941326437
D1,Dataset 1,2,60,4.0,3.137541484907073,0.22868933134046965
D1,Dataset 1,2,>60,52.0,47.761582380419206,0.3001270495664512
D1,Dataset 1,1,0,7609.0,7620.732205975015,-0.06722310678017607
D1,Dataset 1,1,1,1741.0,1697.4536012456992,0.5251270267193888
D1,Dataset 1,1,2,2118.0,2145.0313127413847,-0.2927487576695853
D1,Dataset 1,1,3,2047.0,2088.6245938899747,-0.4576884536740877
D1,Dataset 1,1,4,1696.0,1677.8771889212169,0.22062132915645094
D1,Dataset 1,1,5,1200.0,1179.8692126641356,0.2917918127678689
D1,Dataset 1,1,6,760.0,764.1547687270076,-0.07525194423133286
D1,Dataset 1,1,7,474.0,480.030148413286,-0.13804927257717026
D1,Dataset 1,1,8,325.0,309.36180767352505,0.43907229710731954
D1,Dataset 1,1,9,215.0,214.86780913584732,0.004508364142679966
D1,Dataset 1,1,10,153.0,164.16320063962985,-0.4433019280451749
D1,Dataset 1,1,11,126.0,136.02728553280218,-0.4381014282654565
D1,Dataset 1,1,12,129.0,118.71793159190366,0.4620408315755409
D1,Dataset 1,1,13,102.0,106.48439266241402,-0.21962257623013315
D1,Dataset 1,1,14,92.0,96.75489582780236,-0.2447436055927561
D1,Dataset 1,1,15,97.0,88.44255591338833,0.44446755503431135
D1,Dataset 1,1,16,96.0,81.08880155507589,0.7930269028117127
D1,Dataset 1,1,17,68.0,74.48245618713837,-0.3841106539509713
D1,Dataset 1,1,18,72.0,68.50665270342377,0.20840680086102203
D1,Dataset 1,1,19,55.0,63.08193598662131,-0.5262152509704494
D1,Dataset 1,1,20,59.0,58.14609051803127,0.05578736166594567
D1,Dataset 1,1,21,42.0,53.646916349616674,-0.8436648303443999
D1,Dataset 1,1,22,61.0,49.53933287917828,0.7718313252274136
D1,Dataset 1,1,23,46.0,45.78392124904737,0.015948287636359026
D1,Dataset 1,1,24,40.0,42.34598888432165,-0.18282425091322718
D1,Dataset 1,1,25,51.0,39.19486890875902,0.8808478716967825
D1,Dataset 1,1,26,36.0,36.30335734942764,-0.02522674672311709
D1,Dataset 1,1,27,33.0,33.64724779143709,-0.056062129418186224
D1,Dataset 1,1,28,20.0,31.20494136195036,-1.114002367844777
D1,Dataset 1,1,29,35.0,28.957117115562458,0.5348980248273261
D1,Dataset 1,1,30,24.0,26.886451672637225,-0.286235232517865
D1,Dataset 1,1,31,21.0,24.977379429671327,-0.41516173608946527
D1,Dataset 1,1,32,29.0,23.21588645223171,0.566878135273674
D1,Dataset 1,1,33,18.0,21.5893325198369,-0.40379154846070886
D1,Dataset 1,1,34,16.0,20.086296843501184,-0.48177385010680585
D1,Dataset 1,1,35,20.0,18.69644380001111,0.14819749567674734
D1,Dataset 1,1,36,17.0,17.410405678076785,-0.04947219607443909
D1,Dataset 1,1,37,18.0,16.219679950556973,0.21527430813698878
D1,Dataset 1,1,38,18.0,15.11653900404508,0.35464132960325223
D1,Dataset 1,1,39,21.0,14.093950594667184,0.8283846243432658
D1,Dataset 1,1,40,8.0,13.145507573919293,-0.7972462711789436
D1,Dataset 1,1,41,18.0,12.265365653850631,0.7404462816285458
D1,Dataset 1,1,42,14.0,11.448188166770928,0.3581402571038508
D1,Dataset 1,1,43,15.0,10.68909692883557,0.6035649072743445
D1,Dataset 1,1,44,6.0,9.983628445281088,-0.7101982869566394
D1,Dataset 1,1,45,8.0,9.327694802659014,-0.22570037793915354
D1,Dataset 1,1,46,4.0,8.717548683890884,-0.9525495226821996
D1,Dataset 1,1,47,6.0,8.149752018354736,-0.40528730951963476
D1,Dataset 1,1,48,10.0,7.621147844057006,0.4016350096145258
D1,Dataset 1,1,49,4.0,7.128835014051337,-0.6699878303189579
D1,Dataset 1,1,50,9.0,6.670145426420599,0.4173375314570045
D1,Dataset 1,1,51,4.0,6.242623497484056,-0.4985242639374259
D1,Dataset 1,1,52,5.0,5.8440076326069335,-0.1813702600994529
D1,Dataset 1,1,53,5.0,5.472213478922924,-0.10320829496631712
D1,Dataset 1,1,54,5.0,5.125318770139906,-0.02784871048585824
D1,Dataset 1,1,55,5.0,4.801549596034335,0.044824130723640554
D1,Dataset 1,1,56,2.0,4.49926794873511,-0.7069342280307487
D1,Dataset 1,1,57,7.0,4.216960414871716,0.5922274093600803
D1,Dataset 1,1,58,5.0,3.953227897493552,0.24779538615484253
D1,Dataset 1,1,59,4.0,3.7067762646372175,0.07470099344615622
D1,Dataset 1,1,60,3.0,3.476407832794234,-0.13246195258972082
D1,Dataset 1,1,>60,53.0,54.699829768330524,-0.11582343710436227
D1,Dataset 1,0,0,7697.0,7697.104249132627,-0.0005941283016994703
D1,Dataset 1,0,1,1707.0,1724.06590780141,-0.206016123012418
D1,Dataset 1,0,2,2204.0,2150.5270021181486,0.5730034379511224
D1,Dataset 1,0,3,2064.0,2077.8279790103247,-0.1519316625181375
D1,Dataset 1,0,4,1606.0,1661.9016069031231,-0.6914976293411144
D1,Dataset 1,0,5,1192.0,1166.6954933199256,0.36842847367679354
D1,Dataset 1,0,6,758.0,755.7768337061693,0.040404165490720345
D1,Dataset 1,0,7,486.0,475.10440817812406,0.2485178110752031
D1,Dataset 1,0,8,302.0,306.0564373840688,-0.11632156843188213
D1,Dataset 1,0,9,204.0,212.02776228356876,-0.2783162509976158
D1,Dataset 1,0,10,168.0,161.3236169999804,0.26015796183539663
D1,Dataset 1,0,11,124.0,133.1020911232352,-0.401459231481768
D1,Dataset 1,0,12,123.0,115.75547237524088,0.33156479089492485
D1,Dataset 1,0,13,106.0,103.55178530710214,0.11959037558208507
D1,Dataset 1,0,14,97.0,93.90289877657563,0.15850699408147229
D1,Dataset 1,0,15,87.0,85.70295365249935,0.06979007687587568
D1,Dataset 1,0,16,70.0,78.47974400195746,-0.4922791221414702
D1,Dataset 1,0,17,80.0,72.01344629239254,0.45819824237214846
D1,Dataset 1,0,18,62.0,66.18175671769441,-0.2612091924034683
D1,Dataset 1,0,19,66.0,60.90166569695531,0.32008647648088573
D1,Dataset 1,0,20,61.0,56.1085334829238,0.31968671422454875
D1,Dataset 1,0,21,45.0,51.74846896416588,-0.4854369373360079
D1,Dataset 1,0,22,38.0,47.77521387737198,-0.7475476489336144
D1,Dataset 1,0,23,57.0,44.14855000400118,0.9053969117476957
D1,Dataset 1,0,24,43.0,40.83327104859352,0.16734689361363309
D1,Dataset 1,0,25,52.0,37.79841390234463,1.0630610821068194
D1,Dataset 1,0,26,37.0,35.01664386407282,0.16527625113602618
D1,Dataset 1,0,27,25.0,32.46374898655516,-0.6976968142009063
D1,Dataset 1,0,28,23.0,30.11821858444753,-0.692175271913352
D1,Dataset 1,0,29,28.0,27.96088897222954,0.0036969361920045074
D1,Dataset 1,0,30,24.0,25.974643791361256,-0.19755304070690016
D1,Dataset 1,0,31,18.0,24.144159105004395,-0.6710299474475452
D1,Dataset 1,0,32,18.0,22.45568548734809,-0.49610234108430085
D1,Dataset 1,0,33,14.0,20.89686088699811,-0.8296510568774065
D1,Dataset 1,0,34,11.0,19.45654924313785,-1.0943330696947111
D1,Dataset 1,0,35,14.0,18.12470077061527,-0.5156540618536156
D1,Dataset 1,0,36,21.0,16.892230569858604,0.4725598105755129
D1,Dataset 1,0,37,21.0,15.750912805926664,0.613833727288168
D1,Dataset 1,0,38,24.0,14.69328817267029,1.0657969732575183
D1,Dataset 1,0,39,18.0,13.71258273865115,0.5395902231570191
D1,Dataset 1,0,40,10.0,12.802636580697428,-0.41579955821266434
D1,Dataset 1,0,41,15.0,11.957840863741495,0.4149722323239615
D1,Dataset 1,0,42,15.0,11.173082233285264,0.530367269945403
D1,Dataset 1,0,43,6.0,10.44369355851863,-0.7821806547850256
D1,Dataset 1,0,44,7.0,9.765410206615392,-0.4792143218048963
D1,Dataset 1,0,45,11.0,9.134331147648204,0.29431918905559007
D1,Dataset 1,0,46,10.0,8.546884289184725,0.2387721805797529
D1,Dataset 1,0,47,5.0,7.999795523424883,-0.5923230003222089
D1,Dataset 1,0,48,2.0,7.490061040549575,-1.3225840261506845
D1,Dataset 1,0,49,8.0,7.014922521916072,0.17985722347568167
D1,Dataset 1,0,50,8.0,6.571844877798602,0.2648661487211217
D1,Dataset 1,0,51,4.0,6.158496237891482,-0.4816317691977354
D1,Dataset 1,0,52,8.0,5.7727299400757515,0.42577651758838897
D1,Dataset 1,0,53,4.0,5.412568294940153,-0.32649270253318274
D1,Dataset 1,0,54,9.0,5.076187931094463,0.7469602908305273
D1,Dataset 1,0,55,3.0,4.761906550075092,-0.4501285045123029
D1,Dataset 1,0,56,7.0,4.4681709402181315,0.5319464619316032
D1,Dataset 1,0,57,4.0,4.193546116710913,-0.047814961540937784
D1,Dataset 1,0,58,4.0,3.936705470543563,0.015886729406921374
D1,Dataset 1,0,59,2.0,3.6964218225945507,-0.5083945158879295
D1,Dataset 1,0,60,5.0,3.471559290876705,0.3728558878876853
D1,Dataset 1,0,>60,58.0,56.07452852219786,0.12748034167540823
D4,Dataset 4,2,0,9336.0,9338.946267930536,-0.015245004666766704
D4,Dataset 4,2,1,1236.0,1229.8025125350462,0.08825145142941437
D4,Dataset 4,2,2,1127.0,1135.9668206525603,-0.13328621791018946
D4,Dataset 4,2,3,1089.0,1085.4007337759585,0.05457947186045686
D4,Dataset 4,2,4,1076.0,1061.8186317123366,0.2168802962995997
D4,Dataset 4,2,5,1031.0,1030.0629578717922,0.014594811862593815
D4,Dataset 4,2,6,965.0,964.1052721174354,0.014404494477993524
D4,Dataset 4,2,7,846.0,858.99388226253,-0.22251826756748372
D4,Dataset 4,2,8,705.0,727.1840209418425,-0.41451369428058626
D4,Dataset 4,2,9,600.0,587.8948852175837,0.2483536490252085
D4,Dataset 4,2,10,454.0,457.94268101235605,-0.09231959426766778
D4,Dataset 4,2,11,368.0,347.47419141226624,0.5426664640353316
D4,Dataset 4,2,12,249.0,259.8983892291866,-0.3416305343869759
D4,Dataset 4,2,13,202.0,193.89818801014337,0.2879374434501685
D4,Dataset 4,2,14,148.0,145.7747218811033,0.09180476065975007
D4,Dataset 4,2,15,111.0,111.23881894852026,-0.011327756020795832
D4,Dataset 4,2,16,76.0,86.44033984840831,-0.5795318289397162
D4,Dataset 4,2,17,73.0,68.37321776983184,0.27519380858347553
D4,Dataset 4,2,18,50.0,54.894489306400274,-0.3380137308360407
D4,Dataset 4,2,19,35.0,44.566185420422435,-0.7597112127616557
D4,Dataset 4,2,20,43.0,36.45608507954365,0.5195510560277157
D4,Dataset 4,2,21,29.0,29.964705169601096,-0.08883785724200344
D4,Dataset 4,2,22,25.0,24.699418820599238,0.030149014246076966
D4,Dataset 4,2,23,26.0,20.392598493464423,0.5832030322170825
D4,Dataset 4,2,24,19.0,16.852339062699976,0.2537388903028015
D4,Dataset 4,2,25,14.0,13.934202911182386,0.008802860920785971
D4,Dataset 4,2,26,18.0,11.525307899434237,0.8477463000382612
D4,Dataset 4,2,27,8.0,9.535202334232764,-0.2594851690589244
D4,Dataset 4,2,28,6.0,7.8903342759376045,-0.3594841403167708
D4,Dataset 4,2,29,4.0,6.530418408026671,-0.5554683343815223
D4,Dataset 4,2,30,8.0,5.405845260492108,0.5033797573809342
D4,Dataset 4,2,31,5.0,4.475711737170988,0.12048017805232014
D4,Dataset 4,2,32,5.0,3.7062620471119745,0.31090251782834266
D4,Dataset 4,2,33,1.0,3.069625934245498,-0.7520347982404625
D4,Dataset 4,2,34,4.0,2.542786372707191,0.40538833169100674
D4,Dataset 4,2,35,0.0,2.106730822035829,-1.4514581709563072
D4,Dataset 4,2,36,1.0,1.745751925884181,-0.3212690588537146
D4,Dataset 4,2,37,0.0,1.4468708378300146,-1.2028594422583274
D4,Dataset 4,2,38,3.0,1.199361497044399,0.6368971667292007
D4,Dataset 4,2,39,1.0,0.9943581125200578,0.002824933865643753
D4,Dataset 4,2,40,0.0,0.8245312633839486,-0.9080370385529153
D4,Dataset 4,2,41,0.0,0.6838205909765638,-0.826934453857477
D4,Dataset 4,2,42,1.0,0.5672141688906414,0.2468637779985341
D4,Dataset 4,2,43,1.0,0.4705663761835942,0.3140215920427275
D4,Dataset 4,2,44,0.0,0.3904475329492365,-0.6248580102305135
D4,Dataset 4,2,45,0.0,0.3240197399620664,-0.5692273183553881
D4,Dataset 4,2,46,0.0,0.26893433917174314,-0.5185887958409274
D4,Dataset 4,2,47,0.0,0.22324721571731976,-0.47249043981579114
D4,Dataset 4,2,48,0.0,0.1853488248356232,-0.4305215730200093
D4,Dataset 4,2,49,0.0,0.1539063733161425,-0.3923090278290094
D4,Dataset 4,2,50,0.0,0.1278160354591774,-0.3575136856949359
D4,Dataset 4,2,51,0.0,0.10616345468932509,-0.32582733876905584
D4,Dataset 4,2,52,0.0,0.08819108797906178,-0.2969698435516
D4,Dataset 4,2,53,0.0,0.07327120251678156,-0.2706865392234744
D4,Dataset 4,2,54,0.0,0.06088354206289243,-0.24674590586855222
D4,Dataset 4,2,55,0.0,0.05059685196632678,-0.2249374401168618
D4,Dataset 4,2,56,0.0,0.04205359327939513,-0.2050697278473718
D4,Dataset 4,2,57,0.0,0.034957293097780645,-0.18696869550216327
D4,Dataset 4,2,58,1.0,0.029062074519926033,0.8295239767007512
D4,Dataset 4,2,>58,0.0,0.1438435810168388,-0.37926716311439196
D4,Dataset 4,1,0,9370.0,9376.543995449683,-0.03379616250909123
D4,Dataset 4,1,1,1258.0,1227.6273100810333,0.4307828038862098
D4,Dataset 4,1,2,1076.0,1108.9916628700064,-0.4990875008211404
D4,Dataset 4,1,3,1109.0,1062.645234312679,0.7034118681447694
D4,Dataset 4,1,4,991.0,1050.6131097703312,-0.933010123165456
D4,Dataset 4,1,5,999.0,1028.1563765156443,-0.4579163572326195
D4,Dataset 4,1,6,1031.0,967.2907720105686,1.0078901577359147
D4,Dataset 4,1,7,880.0,864.3538529762923,0.2648984897880382
D4,Dataset 4,1,8,716.0,733.1738012136601,-0.3190059777491072
D4,Dataset 4,1,9,592.0,593.5233363245543,-0.031284256377642095
D4,Dataset 4,1,10,470.0,462.37669573535743,0.17653717809274028
D4,Dataset 4,1,11,343.0,350.13673670858395,-0.19168184181638637
D4,Dataset 4,1,12,226.0,260.647064259638,-1.1112712609179614
D4,Dataset 4,1,13,202.0,193.02366744315356,0.31937463029659696
D4,Dataset 4,1,14,158.0,143.8289165210569,0.5769356868246405
D4,Dataset 4,1,15,112.0,108.82079819142551,0.1512844757837044
D4,Dataset 4,1,16,86.0,84.0420198528852,0.1061750212829935
D4,Dataset 4,1,17,57.0,66.31538167448271,-0.5935912366736265
D4,Dataset 4,1,18,46.0,53.33320450211644,-0.5206286298011698
D4,Dataset 4,1,19,55.0,43.53424738712576,0.8181497310522703
D4,Dataset 4,1,20,32.0,35.91096009087535,-0.33572116437396016
D4,Dataset 4,1,21,29.0,29.827795116306703,-0.0763180607601397
D4,Dataset 4,1,22,25.0,24.882289848670823,0.011784903528034185
D4,Dataset 4,1,23,30.0,20.81168603728474,0.9152428879643084
D4,Dataset 4,1,24,16.0,17.43557918254114,-0.17559327312193318
D4,Dataset 4,1,25,18.0,14.622857099952192,0.4186562337052555
D4,Dataset 4,1,26,10.0,12.273333478860518,-0.34105410814311155
D4,Dataset 4,1,27,14.0,10.307602672441702,0.531111845523716
D4,Dataset 4,1,28,12.0,8.661254071882393,0.521100753452119
D4,Dataset 4,1,29,7.0,7.281339447400727,-0.052644406283168355
D4,Dataset 4,1,30,5.0,6.124016839834734,-0.23860712033320342
D4,Dataset 4,1,31,4.0,5.1528433672560165,-0.26998752579304197
D4,Dataset 4,1,32,4.0,4.337460978775864,-0.08265719185272147
D4,Dataset 4,1,33,0.0,3.6525468020212086,-1.9111637297785893
D4,Dataset 4,1,34,0.0,3.076958086269511,-1.754126017784786
D4,Dataset 4,1,35,1.0,2.5930287193185197,-0.6102883963186594
D4,Dataset 4,1,36,3.0,2.1859875918775247,0.25354223746266213
D4,Dataset 4,1,37,0.0,1.8434764606032716,-1.3577468322935877
D4,Dataset 4,1,38,5.0,1.5551496710202461,0.9890115749981843
D4,Dataset 4,1,39,1.0,1.3123414772967323,-0.14557473667008392
D4,Dataset 4,1,40,0.0,1.1077892944357748,-1.0525156979521848
D4,Dataset 4,1,41,0.0,0.9354032930844338,-0.967162495697819
D4,Dataset 4,1,42,0.0,0.7900744315035334,-0.8888613117374011
D4,Dataset 4,1,43,1.0,0.667514397051527,0.1829844572766519
D4,Dataset 4,1,44,1.0,0.5641220606598127,0.24891940468428242
D4,Dataset 4,1,45,1.0,0.47687197826801175,0.309440822037668
D4,Dataset 4,1,46,1.0,0.4032212397144905,0.36500296086163486
D4,Dataset 4,1,47,2.0,0.3410315977692016,0.830234455067704
D4,Dataset 4,1,48,1.0,0.2885043319517763,0.46287400737650364
D4,Dataset 4,1,>48,0.0,1.5987765347933913,-1.2644273544942752
D4,Dataset 4,0,0,9520.0,9520.42155042924,-0.002160211423628766
D4,Dataset 4,0,1,1190.0,1211.1406785219401,-0.3050698791042734
D4,Dataset 4,0,2,1127.0,1088.484376418456,0.5786340666862841
D4,Dataset 4,0,3,1077.0,1048.3047949538989,0.44014281881407413
D4,Dataset 4,0,4,993.0,1046.9004692183419,-0.8439388329897213
D4,Dataset 4,0,5,1031.0,1033.5563380166498,-0.03978230977858743
D4,Dataset 4,0,6,987.0,975.7280839780159,0.17990965422118066
D4,Dataset 4,0,7,856.0,869.0790396126372,-0.22266885643744772
D4,Dataset 4,0,8,703.0,730.2804917460744,-0.5095552392077849
D4,Dataset 4,0,9,628.0,583.0106420131904,0.9143148644133028
D4,Dataset 4,0,10,435.0,446.96392833752657,-0.28486781449600684
D4,Dataset 4,0,11,337.0,333.30337525654386,0.10096162133697106
D4,Dataset 4,0,12,290.0,245.15618413184748,1.3719221992151311
D4,Dataset 4,0,13,172.0,180.35643202347325,-0.3148076842359053
D4,Dataset 4,0,14,112.0,134.32299958301735,-1.0067747184077689
D4,Dataset 4,0,15,83.0,102.10779359276687,-0.9944065280898009
D4,Dataset 4,0,16,82.0,79.47413260993403,0.1405585772931719
D4,Dataset 4,0,17,59.0,63.246201389260165,-0.2716022922279828
D4,Dataset 4,0,18,57.0,51.246126878373566,0.39119441929190746
D4,Dataset 4,0,19,43.0,42.06760757377176,0.07148388571781084
D4,Dataset 4,0,20,37.0,34.83323100038693,0.18079412980784326
D4,Dataset 4,0,21,41.0,28.999283160650627,1.018025987572348
D4,Dataset 4,0,22,27.0,24.221230736332878,0.2746454648396739
D4,Dataset 4,0,23,10.0,20.270132803562635,-1.3399587622735427
D4,Dataset 4,0,24,8.0,16.984372211287372,-1.292782917375829
D4,Dataset 4,0,25,12.0,14.24307292160766,-0.30989797702010113
D4,Dataset 4,0,26,14.0,11.951719442056644,0.2845314934838741
D4,Dataset 4,0,27,10.0,10.034227538038854,-0.005407225996728382
D4,Dataset 4,0,28,11.0,8.428303581247487,0.4134707156897979
D4,Dataset 4,0,29,8.0,7.082475217536895,0.1671351044040228
D4,Dataset 4,0,30,9.0,5.9540067885502985,0.559916643114359
D4,Dataset 4,0,31,5.0,5.007325403494365,-0.0016374105024747898
D4,Dataset 4,0,32,1.0,4.212776542825325,-1.0525049434350517
D4,Dataset 4,0,33,5.0,3.5456151326446994,0.3530875918757921
D4,Dataset 4,0,34,4.0,2.985177174549335,0.2722334722106301
D4,Dataset 4,0,35,1.0,2.5141954661336876,-0.5856214763094272
D4,Dataset 4,0,36,2.0,2.118232630032648,-0.041201371600253944
D4,Dataset 4,0,37,1.0,1.7852105475525222,-0.33611771470650087
D4,Dataset 4,0,38,4.0,1.5050193694521066,0.7732076909875467
D4,Dataset 4,0,39,0.0,1.2691923632523991,-1.1265843791089947
D4,Dataset 4,0,40,1.0,1.070635304390931,-0.03471508367807741
D4,Dataset 4,0,41,1.0,0.9034011015961811,0.04952585432523149
D4,Dataset 4,0,42,2.0,0.7625019683558385,0.540999975467899
D4,Dataset 4,0,43,0.0,0.6437527838306731,-0.8023420616113013
D4,Dataset 4,0,44,1.0,0.5436403822868051,0.2626802713294557
D4,Dataset 4,0,45,0.0,0.4592144131046695,-0.6776536084938009
D4,Dataset 4,0,46,1.0,0.38799615839764945,0.3771066235721804
D4,Dataset 4,0,47,1.0,0.32790231049492224,0.4273724504576101
D4,Dataset 4,0,48,0.0,0.2771812200804508,-0.526480028187633
D4,Dataset 4,0,49,0.0,0.23435954650461746,-0.48410695771143125
D4,Dataset 4,0,50,0.0,0.1981975901590284,-0.4451938792919647
D4,Dataset 4,0,51,1.0,0.16765187550524407,0.590546857985869
D4,Dataset 4,0,>51,0.0,0.9275190291382144,-0.9630778935985471
