Dataset,Link,Fold,Model,fit_elapsed_sec,success,nit,llf,aic,bic,grad_norm_inf,cov_status
C3,identity,2,Poisson,0.17630887031555176,True,22,-2749.4790255324783,5504.958051064957,5523.456699870733,0.0004157768776735793,not_computed
C3,identity,2,NB,0.5761322975158691,True,89,-2502.906562869618,5013.813125739236,5038.477990813604,0.010761732324304774,not_computed
C3,identity,2,ZIP,0.38306617736816406,True,26,-2450.90747856722,4911.81495713444,4942.646038477401,5.227076227454219e-05,not_computed
C3,identity,2,ZINB,0.8611695766448975,True,26,-2450.131983618523,4912.263967237046,4949.261264848599,0.0025910481039090882,not_computed
C3,identity,2,P+NB,1.0637385845184326,True,55,-2451.04781848807,4918.09563697614,4967.425367124877,0.0032987363801572278,not_computed
C3,identity,2,Z+P+NB,2.1722230911254883,True,69,-2448.927713341718,4917.855426683436,4979.517589369358,0.05334280301379124,not_computed
C3,identity,2,ZIP--ZINB,3.0042126178741455,True,126,-2447.7087302540876,4919.417460508175,4993.412055731281,450.36983296863013,not_computed
C3,identity,1,Poisson,0.2628345489501953,True,9,-2744.8513388382235,5495.702677676447,5514.2013264822235,0.000661123165087929,not_computed
C3,identity,1,NB,0.4223971366882324,True,11,-2493.450171862213,4994.900343724426,5019.565208798795,0.0012073678634578755,not_computed
C3,identity,1,ZIP,0.4913513660430908,True,13,-2435.7781227287705,4881.556245457541,4912.387326800502,0.0004919614736920153,not_computed
C3,identity,1,ZINB,0.6724278926849365,True,27,-2434.962935062059,4881.925870124118,4918.923167735671,0.001497921153571724,not_computed
C3,identity,1,P+NB,1.523040771484375,True,103,-2435.5108720176167,4887.0217440352335,4936.351474183971,155.0281798964148,not_computed
C3,identity,1,Z+P+NB,1.8342573642730713,True,65,-2434.446549594005,4888.89309918801,4950.555261873931,0.033995120599470685,not_computed
C3,identity,1,ZIP--ZINB,3.8602383136749268,True,111,-2431.905164951342,4887.810329902684,4961.80492512579,0.7561794426032482,not_computed
C3,identity,3,Poisson,0.40804481506347656,True,41,-2724.2052699141323,5454.4105398282645,5472.909188634041,0.0015973631875283445,not_computed
C3,identity,3,NB,0.6053915023803711,True,24,-2494.1002883708134,4996.200576741627,5020.865441815995,0.00367109430766277,not_computed
C3,identity,3,ZIP,0.556537389755249,True,18,-2437.801790118244,4885.603580236488,4916.434661579448,5.602609058286134e-05,not_computed
C3,identity,3,ZINB,1.324913740158081,True,27,-2437.497906840958,4886.995813681916,4923.993111293469,0.007794978885335979,not_computed
C3,identity,3,P+NB,1.1250178813934326,True,39,-2436.9247503635665,4889.849500727133,4939.17923087587,148.98096634490344,not_computed
C3,identity,3,Z+P+NB,1.7693665027618408,True,68,-2437.2874693595377,4894.574938719075,4956.237101404997,0.02183902651977121,not_computed
C3,identity,3,ZIP--ZINB,3.415212631225586,True,88,-2435.709387820301,4895.418775640602,4969.413370863707,0.00250235560007539,not_computed
C2,identity,0,Poisson,0.23401474952697754,True,47,-2778.8498574923497,5563.699714984699,5582.921849960926,0.0015722314452659703,not_computed
C2,identity,0,NB,0.6659224033355713,True,13,-2319.684423575298,4647.368847150596,4672.998360452232,0.00041783799197503413,not_computed
C2,identity,0,ZIP,0.6033809185028076,True,19,-2242.51932643366,4495.03865286732,4527.075544494365,0.0003676015400344568,not_computed
C2,identity,0,ZINB,1.6608467102050781,True,52,-2242.5188302251386,4497.037660450277,4535.481930402731,0.025170657137593366,not_computed
C2,identity,0,P+NB,2.5028305053710938,True,110,-2244.1307303034946,4504.261460606989,4555.520487210261,1288.6807117915548,not_computed
C2,identity,0,Z+P+NB,2.097327709197998,True,44,-2242.5193280996405,4505.038656199281,4569.112439453371,3.500032158854083e-05,not_computed
C2,identity,0,ZIP--ZINB,2.08992600440979,True,1,-2242.5191288634246,4509.038257726849,4585.926797631758,0.006633310924637925,not_computed
C2,identity,2,Poisson,0.24345040321350098,True,13,-2794.197663668595,5594.39532733719,5613.617462313417,0.001100834936210049,not_computed
C2,identity,2,NB,0.35398268699645996,True,31,-2323.0378874008466,4654.075774801693,4679.70528810333,0.0009212638478004465,not_computed
C2,identity,2,ZIP,0.5197935104370117,True,21,-2248.285857249907,4506.571714499814,4538.60860612686,0.001097358356403788,not_computed
C2,identity,2,ZINB,1.2635729312896729,True,49,-2248.285430823131,4508.570861646262,4547.015131598716,0.0028382829591819814,not_computed
C2,identity,2,P+NB,1.349069595336914,True,46,-2249.384692342933,4514.769384685866,4566.028411289138,0.05573361060574955,not_computed
C2,identity,2,Z+P+NB,2.9529004096984863,True,76,-2248.28586370682,4516.57172741364,4580.6455106677295,0.024900888198267523,not_computed
C2,identity,2,ZIP--ZINB,3.3995039463043213,True,3,-2248.285569160327,4520.571138320654,4597.459678225563,0.20889478307741172,not_computed
C3,identity,4,Poisson,0.2941625118255615,True,13,-2755.041292651705,5516.08258530341,5534.581234109187,5.207709432397678e-05,not_computed
C3,identity,4,NB,0.4551889896392822,True,12,-2505.886678160959,5019.773356321918,5044.438221396286,0.0011373426546441578,not_computed
C3,identity,4,ZIP,0.4632725715637207,True,71,-2443.3964571936067,4896.792914387213,4927.623995730174,0.0005084140548774485,not_computed
C3,identity,4,ZINB,1.3257567882537842,True,74,-2443.3805667295096,4898.761133459019,4935.758431070572,0.00022301905935107058,not_computed
C3,identity,4,P+NB,1.215362310409546,True,52,-2443.4043869150355,4902.808773830071,4952.138503978808,0.0017131982328307098,not_computed
C3,identity,4,Z+P+NB,2.2809255123138428,True,111,-2442.7965543960895,4905.593108792179,4967.2552714781,0.006372645246564446,not_computed
C3,identity,4,ZIP--ZINB,4.1510679721832275,True,98,-2439.7747467596537,4903.549493519307,4977.544088742413,0.24709349515747192,not_computed
C2,identity,4,Poisson,0.15021157264709473,True,11,-2837.4584646687417,5680.916929337483,5700.13906431371,0.0008940148503029377,not_computed
C2,identity,4,NB,0.5653078556060791,True,89,-2377.4019762147495,4762.803952429499,4788.433465731136,0.0010759415842613862,not_computed
C2,identity,4,ZIP,1.1747994422912598,True,100,-2302.869577272619,4615.739154545238,4647.776046172284,0.0009088961130601092,not_computed
C2,identity,4,ZINB,1.3710212707519531,True,44,-2302.8695300847908,4617.7390601695815,4656.183330122036,0.019490013868901812,not_computed
C2,identity,4,P+NB,1.439424991607666,True,38,-2304.177749980332,4624.355499960664,4675.614526563936,294.51313007121433,not_computed
C2,identity,4,Z+P+NB,2.5088186264038086,True,72,-2302.8695880809555,4625.739176161911,4689.812959416001,0.007911263846331451,not_computed
C2,identity,4,ZIP--ZINB,3.1820216178894043,True,88,-2299.937398897233,4623.874797794466,4700.7633376993745,0.06815544707425403,not_computed
C2,log,3,Poisson,0.09154129028320312,True,15,-2821.820805035366,5649.641610070732,5668.863745046959,0.002070826902979661,not_computed
C2,log,3,NB,0.21326351165771484,True,11,-2370.2616059314123,4748.523211862825,4774.152725164461,0.00021693759643426347,not_computed
C2,log,3,ZIP,0.1920461654663086,True,15,-2292.9541068887615,4595.908213777523,4627.9451054045685,0.0006970048657706229,not_computed
C2,log,3,ZINB,1.234907865524292,True,59,-2292.9537662918847,4597.907532583769,4636.351802536224,0.004470225145468021,not_computed
C2,log,3,P+NB,1.5530636310577393,True,49,-2298.080585588395,4612.16117117679,4663.420197780062,0.004138952791237216,not_computed
C2,log,3,Z+P+NB,3.5429506301879883,True,88,-2291.8698346454585,4603.739669290917,4667.813452545007,0.025006961340096723,not_computed
C2,log,3,ZIP--ZINB,3.6888022422790527,True,72,-2291.2360461965573,4606.4720923931145,4683.360632298023,0.010748236065223153,not_computed
C2,log,0,Poisson,0.10975527763366699,True,10,-2924.725303348738,5855.450606697476,5874.672741673703,0.0003152011792906251,not_computed
C2,log,0,NB,0.2882194519042969,True,14,-2427.1638993396564,4862.327798679313,4887.957311980949,0.0005003640282339461,not_computed
C2,log,0,ZIP,0.23799371719360352,True,13,-2347.495160263984,4704.990320527968,4737.027212155013,0.0007891505819372924,not_computed
C2,log,0,ZINB,1.0349934101104736,True,38,-2347.49488950879,4706.98977901758,4745.434048970034,0.009004661667631808,not_computed
C2,log,0,P+NB,1.8376646041870117,True,113,-2349.3859720094274,4714.771944018855,4766.030970622127,0.0746581921242182,not_computed
C2,log,0,Z+P+NB,3.5937998294830322,True,95,-2343.6837611715073,4707.367522343015,4771.4413055971045,0.004244938022087474,not_computed
C2,log,0,ZIP--ZINB,3.591437339782715,True,48,-2342.8064780963323,4709.612956192665,4786.501496097573,0.1415131346201406,not_computed
C3,identity,0,Poisson,0.18534111976623535,True,44,-2809.9821244441227,5625.9642488882455,5644.462897694022,0.0050160339637272955,not_computed
C3,identity,0,NB,0.4462928771972656,True,17,-2556.6912243567176,5121.382448713435,5146.047313787803,0.0014253802936394777,not_computed
C3,identity,0,ZIP,0.8670167922973633,True,17,-2488.2943270616497,4986.588654123299,5017.41973546626,0.0005482413529023233,not_computed
C3,identity,0,ZINB,1.2939579486846924,True,27,-2488.2293437395138,4988.4586874790275,5025.455985090581,0.0010178206647566412,not_computed
C3,identity,0,P+NB,1.5304617881774902,True,34,-2488.135721648649,4992.271443297298,5041.601173446035,1012.5671002205668,not_computed
C3,identity,0,Z+P+NB,1.9892017841339111,True,89,-2488.087952836495,4996.17590567299,5057.838068358911,0.006344303492149095,not_computed
C3,identity,0,ZIP--ZINB,4.5878777503967285,True,151,-2486.7660830216537,4997.532166043307,5071.526761266413,16.468666814570895,not_computed
C2,log,1,Poisson,0.11686205863952637,True,10,-2885.5725260297445,5777.145052059489,5796.367187035716,0.0031884014126717375,not_computed
C2,log,1,NB,0.22234272956848145,True,13,-2396.964297886678,4801.928595773356,4827.558109074993,0.00035414027800584336,not_computed
C2,log,1,ZIP,0.4252767562866211,True,30,-2314.796524431918,4639.593048863836,4671.629940490881,0.00011314050109945128,not_computed
C2,log,1,ZINB,1.2079436779022217,True,47,-2314.7961309553657,4641.592261910731,4680.036531863186,0.0008459359216317353,not_computed
C2,log,1,P+NB,1.7987985610961914,True,77,-2316.9667867293756,4649.933573458751,4701.192600062023,1.0948564169408428,not_computed
C2,log,1,Z+P+NB,4.03241753578186,True,135,-2312.4695391494133,4644.939078298827,4709.012861552917,0.0260288882700479,not_computed
C2,log,1,ZIP--ZINB,3.336862087249756,True,36,-2311.5367585321324,4647.073517064265,4723.962056969173,0.2005249468710133,not_computed
C2,identity,1,Poisson,0.23868823051452637,True,42,-2788.5397996226984,5583.079599245397,5602.3017342216235,0.011017624770886414,not_computed
C2,identity,1,NB,0.4270448684692383,True,23,-2327.1591281048504,4662.318256209701,4687.947769511337,0.0015934715568306501,not_computed
C2,identity,1,ZIP,0.7070796489715576,True,24,-2254.072245168769,4518.144490337538,4550.181381964583,0.002975879050850949,not_computed
C2,identity,1,ZINB,1.8237824440002441,True,51,-2254.0715183027737,4520.143036605547,4558.587306558002,0.02165978075900199,not_computed
C2,identity,1,P+NB,1.9994838237762451,True,111,-2255.4462726419524,4526.892545283905,4578.151571887177,0.015744851553324505,not_computed
C2,identity,1,Z+P+NB,3.3658194541931152,True,163,-2254.0717874229376,4528.143574845875,4592.217358099965,0.0458326513137024,not_computed
C2,identity,1,ZIP--ZINB,3.0170555114746094,True,4,-2254.072239215354,4532.144478430708,4609.033018335616,0.2129654915484238,not_computed
H2AX1H60,identity,0,Poisson,0.027929067611694336,True,5,-1279.7340739114143,2563.4681478228285,2571.8115490176506,1.8309176613939826e-05,not_computed
H2AX1H60,identity,0,NB,0.05617094039916992,True,8,-1002.6346047873503,2011.2692095747007,2023.7843113669335,7.4253378687938465e-06,not_computed
H2AX1H60,identity,0,ZIP,0.0722196102142334,True,11,-940.4764444429903,1888.9528888859807,1905.6396912756243,2.1291283574198516e-05,not_computed
H2AX1H60,identity,0,ZINB,0.13075900077819824,True,15,-933.2181529266152,1876.4363058532304,1897.294808840285,8.38045343947158e-05,not_computed
H2AX1H60,identity,0,P+NB,0.2785220146179199,True,32,-928.5828768326305,1869.165753665261,1894.1959572497265,9.22217802072911e-05,not_computed
H2AX1H60,identity,0,Z+P+NB,0.6450996398925781,True,67,-925.0670790386876,1866.134158077375,1899.5077628566623,0.001841128001258241,not_computed
H2AX1H60,identity,0,ZIP--ZINB,0.6531128883361816,True,45,-912.2122788058871,1844.4245576117742,1886.1415635858832,0.008552451242867853,not_computed
H2AX1H60,identity,1,Poisson,0.027373790740966797,True,5,-1284.497882017383,2572.995764034766,2581.339165229588,3.2311844474719464e-05,not_computed
H2AX1H60,identity,1,NB,0.05481743812561035,True,10,-1023.165271803821,2052.330543607642,2064.8456453998747,2.2640303170007314e-05,not_computed
H2AX1H60,identity,1,ZIP,0.07197785377502441,True,10,-967.3792468350676,1942.7584936701353,1959.445296059779,1.4583314485783205e-05,not_computed
H2AX1H60,identity,1,ZINB,0.13182997703552246,True,15,-958.7222734984252,1927.4445469968505,1948.303049983905,7.858222185977426e-06,not_computed
H2AX1H60,identity,1,P+NB,0.3284189701080322,True,31,-947.7312699554196,1907.4625399108393,1932.4927434953047,0.00024576258220943004,not_computed
H2AX1H60,identity,1,Z+P+NB,0.5740318298339844,True,45,-945.4112867749648,1906.8225735499295,1940.1961783292168,0.000839300738927129,not_computed
H2AX1H60,identity,1,ZIP--ZINB,0.7366218566894531,True,29,-932.5656338767228,1885.1312677534456,1926.8482737275547,0.020047096802376485,not_computed
H2AX1H60,identity,2,Poisson,0.030874013900756836,True,5,-1274.009273005543,2552.018546011086,2560.361947205908,2.694565407779237e-05,not_computed
H2AX1H60,identity,2,NB,0.05976510047912598,True,11,-1016.6306387122136,2039.2612774244271,2051.7763792166597,9.386449475567993e-06,not_computed
H2AX1H60,identity,2,ZIP,0.07361412048339844,True,11,-951.3249231077078,1910.6498462154157,1927.3366486050593,3.944816310208488e-05,not_computed
H2AX1H60,identity,2,ZINB,0.13086581230163574,True,15,-945.5012095225956,1901.0024190451911,1921.8609220322458,2.038012642061049e-05,not_computed
H2AX1H60,identity,2,P+NB,0.320481538772583,True,29,-936.3452937316506,1884.6905874633012,1909.7207910477666,4.501841866022194,not_computed
H2AX1H60,identity,2,Z+P+NB,0.6708707809448242,True,64,-933.9813043098036,1883.9626086196072,1917.3362133988944,0.0012610557663639277,not_computed
H2AX1H60,identity,2,ZIP--ZINB,0.880612850189209,True,58,-925.031158649173,1870.062317298346,1911.779323272455,0.018528841925053996,not_computed
C2,log,4,Poisson,0.09190964698791504,True,9,-2830.0779803098153,5666.155960619631,5685.378095595857,8.19578865218773e-05,not_computed
C2,log,4,NB,0.2425708770751953,True,20,-2363.30709777327,4734.61419554654,4760.2437088481765,0.0008118010793367603,not_computed
C2,log,4,ZIP,0.23953700065612793,True,14,-2289.0511572737532,4588.1023145475065,4620.139206174552,0.0011289867373704965,not_computed
C2,log,4,ZINB,1.138099193572998,True,43,-2289.051120139837,4590.102240279674,4628.546510232129,0.0032518928907734335,not_computed
C2,log,4,P+NB,2.3492484092712402,True,102,-2289.982226805606,4595.964453611212,4647.223480214484,0.006240184935961679,not_computed
C2,log,4,Z+P+NB,3.7106428146362305,True,38,-2282.396687631496,4584.793375262992,4648.867158517082,0.006735014714166709,not_computed
C2,log,4,ZIP--ZINB,4.913640022277832,True,272,-2281.5867400632983,4587.173480126597,4664.062020031505,0.2612499642348496,not_computed
H2AX1H60,identity,3,Poisson,0.027985572814941406,True,7,-1255.099131176838,2514.198262353676,2522.541663548498,8.698761570613556e-06,not_computed
H2AX1H60,identity,3,NB,0.0595850944519043,True,11,-1005.9598237180617,2017.9196474361233,2030.4347492283562,2.3344292989335713e-05,not_computed
H2AX1H60,identity,3,ZIP,0.0717935562133789,True,11,-947.4730116999585,1902.946023399917,1919.6328257895607,4.8502098915159664e-05,not_computed
H2AX1H60,identity,3,ZINB,0.13359689712524414,True,16,-940.8598682426064,1891.7197364852127,1912.5782394722673,0.00010655129738049163,not_computed
H2AX1H60,identity,3,P+NB,0.34827613830566406,True,31,-935.7883096891967,1883.5766193783934,1908.6068229628588,4.611003381368839,not_computed
H2AX1H60,identity,3,Z+P+NB,0.6389672756195068,True,64,-931.9356970473881,1879.8713940947762,1913.2449988740634,1.661645072159601e-05,not_computed
H2AX1H60,identity,3,ZIP--ZINB,0.7899811267852783,True,59,-921.016194209825,1862.03238841965,1903.749394393759,0.0012937877165910688,not_computed
H2AX1H60,identity,4,Poisson,0.027608871459960938,True,6,-1249.9522662333065,2503.904532466613,2512.252104674417,8.211699600302325e-06,not_computed
H2AX1H60,identity,4,NB,0.0555882453918457,True,8,-1002.2299499788596,2010.4598999577192,2022.981258269425,6.515702203224727e-05,not_computed
H2AX1H60,identity,4,ZIP,0.07352495193481445,True,11,-940.6168109680234,1889.2336219360468,1905.9287663516545,7.490416682820467e-05,not_computed
H2AX1H60,identity,4,ZINB,0.140960693359375,True,16,-934.9806525779194,1879.9613051558388,1900.8302356753484,4.003894072113212e-05,not_computed
H2AX1H60,identity,4,P+NB,0.2589864730834961,True,31,-924.1011512234695,1860.202302446939,1885.2450190703507,19.9409100276177,not_computed
H2AX1H60,identity,4,Z+P+NB,0.5745868682861328,True,48,-921.1026571482677,1858.2053142965353,1891.5956031277508,0.0013731678872557218,not_computed
H2AX1H60,identity,4,ZIP--ZINB,0.8043661117553711,True,27,-909.3208100254853,1838.6416200509707,1880.3794810899901,0.020747549187919212,not_computed
H2AX1H60,log,0,Poisson,0.03443598747253418,True,10,-1261.1523325191497,2526.3046650382994,2534.6480662331214,8.767583763447107e-05,not_computed
H2AX1H60,log,0,NB,0.06752681732177734,True,11,-1005.6799874187798,2017.3599748375595,2029.8750766297924,2.2517946350664175e-05,not_computed
H2AX1H60,log,0,ZIP,0.0784454345703125,True,12,-945.7863953402574,1899.5727906805148,1916.2595930701584,0.0003065476370096576,not_computed
H2AX1H60,log,0,ZINB,0.1672043800354004,True,20,-939.317984008429,1888.635968016858,1909.4944710039126,2.429716477791999e-05,not_computed
H2AX1H60,log,0,P+NB,0.26191258430480957,True,28,-929.3522961834449,1870.7045923668898,1895.7347959513552,2.0796276554990722e-05,not_computed
H2AX1H60,log,0,Z+P+NB,0.5179977416992188,True,36,-926.5598855792514,1869.1197711585028,1902.49337593779,0.0054867632435666724,not_computed
H2AX1H60,log,0,ZIP--ZINB,1.0249035358428955,True,55,-917.6542207620471,1855.3084415240942,1897.0254474982032,0.1257190718258567,not_computed
C2,identity,3,Poisson,0.30356788635253906,True,28,-2828.4690196804904,5662.938039360981,5682.1601743372075,0.0020688695781814204,not_computed
C2,identity,3,NB,0.3515455722808838,True,21,-2359.99596626533,4727.99193253066,4753.621445832297,0.0005407599528606255,not_computed
C2,identity,3,ZIP,0.9238040447235107,True,29,-2288.0460737816247,4586.0921475632495,4618.129039190295,0.0012825162302334547,not_computed
C2,identity,3,ZINB,2.18526291847229,True,188,-2288.046067126867,4588.092134253734,4626.536404206188,0.015636569581218396,not_computed
C2,identity,3,P+NB,1.407820701599121,True,45,-2288.9941897823905,4593.988379564781,4645.247406168053,0.018055889357664598,not_computed
C2,identity,3,Z+P+NB,4.072224140167236,True,291,-2286.964507073725,4593.92901414745,4658.00279740154,0.0065443560388462885,not_computed
C2,identity,3,ZIP--ZINB,4.396275758743286,True,214,-2283.3822069639405,4590.764413927881,4667.6529538327895,0.2558170734643314,not_computed
H2AX1H60,log,1,Poisson,0.03268790245056152,True,10,-1273.8419107908253,2551.6838215816506,2560.0272227764726,2.6715447236647094e-05,not_computed
H2AX1H60,log,1,NB,0.06749343872070312,True,9,-1024.9745038596423,2055.9490077192845,2068.464109511517,3.865450201123721e-05,not_computed
H2AX1H60,log,1,ZIP,0.0785512924194336,True,14,-953.0200864122029,1914.0401728244058,1930.7269752140494,3.556686728112268e-05,not_computed
H2AX1H60,log,1,ZINB,0.15664935111999512,True,18,-949.0403460009577,1908.0806920019154,1928.93919498897,5.940566352169441e-05,not_computed
H2AX1H60,log,1,P+NB,0.2824363708496094,True,31,-936.7911988925531,1885.5823977851062,1910.6126013695716,0.00028052243835599566,not_computed
H2AX1H60,log,1,Z+P+NB,0.5999562740325928,True,34,-936.7601457457814,1889.5202914915628,1922.89389627085,0.00014663524170430153,not_computed
H2AX1H60,log,1,ZIP--ZINB,1.0771121978759766,True,131,-936.6979707001619,1893.3959414003239,1935.112947374433,0.0002312941344211339,not_computed
H2AX1H60,log,2,Poisson,0.030599594116210938,True,7,-1261.927512771072,2527.855025542144,2536.198426736966,2.6068757603248116e-05,not_computed
H2AX1H60,log,2,NB,0.06296563148498535,True,10,-1018.4062824694236,2042.8125649388471,2055.3276667310797,0.0001956805513985138,not_computed
H2AX1H60,log,2,ZIP,0.07529377937316895,True,12,-947.3652523952328,1902.7305047904656,1919.4173071801092,0.00018405469511661998,not_computed
H2AX1H60,log,2,ZINB,0.1699221134185791,True,18,-943.4688750329176,1896.9377500658352,1917.7962530528898,0.00010222246655045009,not_computed
H2AX1H60,log,2,P+NB,0.26601290702819824,True,29,-932.827819668438,1877.655639336876,1902.6858429213414,0.00014542243008944244,not_computed
H2AX1H60,log,2,Z+P+NB,0.6127321720123291,True,61,-932.3312655669667,1880.6625311339335,1914.0361359132207,0.0008997477573071122,not_computed
H2AX1H60,log,2,ZIP--ZINB,1.1560444831848145,True,39,-926.1758811794625,1872.351762358925,1914.068768333034,0.03640391774697782,not_computed
H2AX1H60,log,3,Poisson,0.034208059310913086,True,9,-1262.9143821983362,2529.8287643966723,2538.1721655914944,3.604841814563997e-05,not_computed
H2AX1H60,log,3,NB,0.07063794136047363,True,11,-996.9742227251897,1999.9484454503795,2012.4635472426123,0.0001272459643519852,not_computed
H2AX1H60,log,3,ZIP,0.07629203796386719,True,12,-943.9458503886249,1895.8917007772498,1912.5785031668934,5.188702475433793e-05,not_computed
H2AX1H60,log,3,ZINB,0.23749351501464844,True,27,-934.9866087641633,1879.9732175283266,1900.8317205153812,7.350513236592526e-05,not_computed
H2AX1H60,log,3,P+NB,0.2744576930999756,True,20,-925.2758660981053,1862.5517321962107,1887.581935780676,0.000568824626934944,not_computed
H2AX1H60,log,3,Z+P+NB,0.6066310405731201,True,57,-923.9399328141942,1863.8798656283884,1897.2534704076756,0.00208543912806039,not_computed
H2AX1H60,log,3,ZIP--ZINB,0.8233819007873535,True,57,-914.3634442722783,1848.7268885445567,1890.4438945186657,0.025201370422648375,not_computed
H2AX4H100,identity,2,Poisson,0.02662181854248047,True,5,-1035.2169543386087,2074.4339086772175,2082.768941658994,7.884974028371516e-06,not_computed
H2AX4H100,identity,2,NB,0.06176161766052246,True,12,-1034.2901293907403,2074.5802587814806,2087.0828082541457,1.3077194527366665e-05,not_computed
H2AX4H100,identity,2,ZIP,0.06448626518249512,True,10,-975.1735396705195,1958.347079341039,1975.0171453045923,4.0797081008570046e-05,not_computed
H2AX4H100,identity,2,ZINB,0.22112298011779785,True,31,-975.1730305232409,1960.3460610464817,1981.1836435009234,0.001987771663671589,not_computed
H2AX4H100,identity,2,P+NB,0.31455421447753906,True,32,-976.4626630656105,1964.925326131221,1989.930425076551,26.412301602582435,not_computed
H2AX4H100,identity,2,Z+P+NB,0.3953440189361572,True,45,-975.1735396781442,1966.3470793562883,1999.687211283395,1.5090926303584773e-06,not_computed
H2AX4H100,identity,2,ZIP--ZINB,0.5402727127075195,True,54,-972.7063204423155,1965.412640884631,2007.0878057935145,0.011499144122884719,not_computed
H2AX4H100,identity,1,Poisson,0.02711200714111328,True,6,-1045.7694076723978,2095.5388153447957,2103.8738483265724,8.81554939480278e-06,not_computed
H2AX4H100,identity,1,NB,0.06292057037353516,True,9,-1043.0821751954186,2092.164350390837,2104.6668998635023,1.2059313346246547e-05,not_computed
H2AX4H100,identity,1,ZIP,0.06521391868591309,True,10,-976.5164804170969,1961.0329608341938,1977.703026797747,4.272909882996334e-05,not_computed
H2AX4H100,identity,1,ZINB,0.20639944076538086,True,27,-976.5160268210877,1963.0320536421755,1983.8696360966171,9.410501651296865e-05,not_computed
H2AX4H100,identity,1,P+NB,0.3036935329437256,True,21,-977.4461983051762,1966.8923966103523,1991.8974955556823,54.65669553926902,not_computed
H2AX4H100,identity,1,Z+P+NB,0.4108281135559082,True,35,-976.516480424822,1969.032960849644,2002.3730927767508,1.3276376518156496e-06,not_computed
H2AX4H100,identity,1,ZIP--ZINB,0.6256515979766846,True,49,-974.1599882759001,1968.3199765518002,2009.9951414606837,0.006643779403998851,not_computed
H2AX4H100,identity,0,Poisson,0.026701688766479492,True,5,-1028.4298496908996,2060.859699381799,2069.190535090262,6.47934245590065e-06,not_computed
H2AX4H100,identity,0,NB,0.05901145935058594,True,9,-1027.870904525237,2061.741809050474,2074.238062613168,1.6235950254905873e-05,not_computed
H2AX4H100,identity,0,ZIP,0.06475424766540527,True,10,-969.1667565639657,1946.3335131279314,1962.995184544857,0.00014746754330030587,not_computed
H2AX4H100,identity,0,ZINB,0.20697927474975586,True,27,-969.1662550502064,1948.3325101004127,1969.1595993715698,0.00011109763811267825,not_computed
H2AX4H100,identity,0,P+NB,0.37221455574035645,True,41,-971.6208912330958,1955.2417824661916,1980.2342895915801,48.23147129284459,not_computed
H2AX4H100,identity,0,Z+P+NB,0.3913261890411377,True,31,-969.1666539920825,1954.333307984165,1987.6566508180163,0.0025860873071064105,not_computed
H2AX4H100,identity,0,ZIP--ZINB,0.7149765491485596,True,131,-966.3527672271889,1952.7055344543778,1994.359712996692,0.006161327735494552,not_computed
H2AX4H100,identity,3,Poisson,0.028316736221313477,True,4,-1040.6971676823919,2085.3943353647837,2093.7293683465605,0.00010611364329449202,not_computed
H2AX4H100,identity,3,NB,0.05650901794433594,True,9,-1038.374166001815,2082.74833200363,2095.250881476295,3.397199120014349e-05,not_computed
H2AX4H100,identity,3,ZIP,0.06572461128234863,True,10,-975.3498401202853,1958.6996802405706,1975.3697462041239,8.165140480054234e-05,not_computed
H2AX4H100,identity,3,ZINB,0.2051687240600586,True,28,-975.3495448814803,1960.6990897629605,1981.5366722174022,5.8657522668994915e-05,not_computed
H2AX4H100,identity,3,P+NB,0.31929898262023926,True,41,-975.7993652916779,1963.5987305833557,1988.6038295286858,34.719956383857955,not_computed
H2AX4H100,identity,3,Z+P+NB,0.39511942863464355,True,51,-975.3498401282823,1966.6996802565645,2000.0398121836713,8.436124802901901e-05,not_computed
H2AX4H100,identity,3,ZIP--ZINB,0.32430529594421387,True,45,-973.1678619646913,1966.3357239293825,2008.010888838266,0.028613444453845338,not_computed
H2AX1H60,log,4,Poisson,0.031260013580322266,True,7,-1285.7583834623993,2575.5167669247985,2583.8643391326023,5.750297161633e-05,not_computed
H2AX1H60,log,4,NB,0.06426858901977539,True,12,-1028.3186628239682,2062.6373256479364,2075.158683959642,7.7964280440046e-05,not_computed
H2AX1H60,log,4,ZIP,0.07725954055786133,True,12,-961.3426548229938,1930.6853096459877,1947.3804540615954,0.00016272807389361432,not_computed
H2AX1H60,log,4,ZINB,0.16155362129211426,True,16,-955.6130830251959,1921.2261660503918,1942.0950965699014,0.00011315648668086542,not_computed
H2AX1H60,log,4,P+NB,0.2673940658569336,True,25,-945.7684575815194,1903.5369151630389,1928.5796317864506,0.00013361900120223424,not_computed
H2AX1H60,log,4,Z+P+NB,0.5766487121582031,True,36,-944.5181183828615,1905.036236765723,1938.4265255969385,0.00030656468400303005,not_computed
H2AX1H60,log,4,ZIP--ZINB,0.9088542461395264,True,33,-934.1347402696192,1888.2694805392384,1930.0073415782579,0.0013142653220515992,not_computed
H2AX4H100,identity,4,Poisson,0.02662181854248047,True,5,-1035.6569520340504,2075.313904068101,2083.6489370498775,7.300582759661722e-06,not_computed
H2AX4H100,identity,4,NB,0.058850765228271484,True,8,-1033.4153749717716,2072.830749943543,2085.3332994162083,6.261416365616057e-06,not_computed
H2AX4H100,identity,4,ZIP,0.06664037704467773,True,10,-972.8526698638047,1953.7053397276095,1970.3754056911628,4.4027935779622496e-05,not_computed
H2AX4H100,identity,4,ZINB,0.2140793800354004,True,29,-972.8522151900067,1955.7044303800135,1976.5420128344551,0.011845619063168361,not_computed
H2AX4H100,identity,4,P+NB,0.27915215492248535,True,24,-974.127015188286,1960.254030376572,1985.259129321902,43.86635474922217,not_computed
H2AX4H100,identity,4,Z+P+NB,0.3624727725982666,True,28,-972.8522329866071,1961.7044659732142,1995.044597900321,0.00038552740228769977,not_computed
H2AX4H100,identity,4,ZIP--ZINB,0.5834343433380127,True,92,-970.3085342258516,1960.6170684517033,2002.2922333605868,0.0020472939593272343,not_computed
H2AX4H100,log,0,Poisson,0.029865741729736328,True,10,-1033.743181703213,2071.486363406426,2079.817199114889,1.0091417689039872e-05,not_computed
H2AX4H100,log,0,NB,0.061441659927368164,True,9,-1031.804879947624,2069.609759895248,2082.106013457942,1.8758744840141617e-05,not_computed
H2AX4H100,log,0,ZIP,0.06509900093078613,True,11,-972.3212139379793,1952.6424278759587,1969.3040992928843,4.535680554518251e-05,not_computed
H2AX4H100,log,0,ZINB,0.22082924842834473,True,30,-972.3207455830317,1954.6414911660634,1975.4685804372205,1.0994395274188662e-05,not_computed
H2AX4H100,log,0,P+NB,0.3447883129119873,True,27,-972.4423585475115,1956.884717095023,1981.8772242204116,0.005963111426559031,not_computed
H2AX4H100,log,0,Z+P+NB,0.4503059387207031,True,59,-972.3212139457164,1960.6424278914328,1993.965770725284,1.6065517275509755e-05,not_computed
H2AX4H100,log,0,ZIP--ZINB,0.4517481327056885,True,1,-972.3209797604204,1964.6419595208408,2006.296138063155,0.00011708873711613332,not_computed
C2,log,2,Poisson,0.09698295593261719,True,14,-2738.1266452284212,5482.2532904568425,5501.475425433069,0.0029511022632959794,not_computed
C2,log,2,NB,0.25583672523498535,True,13,-2288.624660936537,4585.249321873074,4610.878835174711,0.0005227593354817373,not_computed
C2,log,2,ZIP,0.28720927238464355,True,12,-2215.949470763297,4441.898941526594,4473.93583315364,0.001234514994877145,not_computed
C2,log,2,ZINB,1.227229356765747,True,38,-2215.9488751879153,4443.897750375831,4482.342020328285,0.0035416067365474646,not_computed
C2,log,2,P+NB,1.8919384479522705,True,63,-2217.369818952481,4450.739637904962,4501.9986645082345,0.038966743923111835,not_computed
C2,log,2,Z+P+NB,3.3077893257141113,True,93,-2212.4939251008927,4444.9878502017855,4509.061633455875,0.03972981041980006,not_computed
C2,log,2,ZIP--ZINB,8.650071382522583,True,287,-2211.007252513164,4446.014505026328,4522.903044931237,0.0836218942266953,not_computed
H2AX4H100,log,2,Poisson,0.02753424644470215,True,7,-1044.653324598134,2093.306649196268,2101.641682178045,0.00022377198095657747,not_computed
H2AX4H100,log,2,NB,0.06202888488769531,True,7,-1042.5949571194449,2091.1899142388897,2103.692463711555,4.10951107516766e-05,not_computed
H2AX4H100,log,2,ZIP,0.0697784423828125,True,11,-985.391941380135,1978.78388276027,1995.4539487238233,0.00031117134398073176,not_computed
H2AX4H100,log,2,ZINB,0.20687341690063477,True,32,-985.3919057112107,1980.7838114224214,2001.621393876863,0.0004739200388312881,not_computed
H2AX4H100,log,2,P+NB,0.46648430824279785,True,89,-985.9236910195642,1983.8473820391284,2008.8524809844585,5.189795492910321e-06,not_computed
H2AX4H100,log,2,Z+P+NB,0.3789818286895752,True,30,-985.3916641714314,1986.783328342863,2020.1234602699697,0.001956647285137336,not_computed
H2AX4H100,log,2,ZIP--ZINB,0.4044458866119385,True,51,-983.9867645665538,1987.9735291331076,2029.6486940419911,0.08118107441339054,not_computed
H2AX4H100,log,3,Poisson,0.028900623321533203,True,9,-1046.72530944976,2097.45061889952,2105.785651881297,5.2225896052249254e-06,not_computed
H2AX4H100,log,3,NB,0.0736699104309082,True,13,-1043.192120293952,2092.384240587904,2104.886790060569,0.00014495303433648132,not_computed
H2AX4H100,log,3,ZIP,0.06672811508178711,True,11,-984.1483377850387,1976.2966755700775,1992.9667415336307,0.00020081306033503665,not_computed
H2AX4H100,log,3,ZINB,0.2180311679840088,True,32,-984.1478211221515,1978.295642244303,1999.1332246987447,0.00012924616344775903,not_computed
H2AX4H100,log,3,P+NB,0.473480224609375,True,84,-985.4434733638325,1982.886946727665,2007.892045672995,2.6859456669470205e-05,not_computed
H2AX4H100,log,3,Z+P+NB,0.39497804641723633,True,36,-984.1483377931863,1984.2966755863727,2017.6368075134794,1.4764274141043643e-06,not_computed
H2AX4H100,log,3,ZIP--ZINB,0.4030032157897949,True,91,-982.1895541479838,1984.3791082959676,2026.0542732048511,0.0008591178643388986,not_computed
H2AX4H100,log,4,Poisson,0.029488325119018555,True,7,-1027.331832529699,2058.663665059398,2066.998698041175,0.0001095064479277319,not_computed
H2AX4H100,log,4,NB,0.0698246955871582,True,14,-1027.0148123678784,2060.029624735757,2072.532174208422,0.0007384650148702931,not_computed
H2AX4H100,log,4,ZIP,0.06619048118591309,True,10,-977.4562317772566,1962.9124635545131,1979.5825295180664,7.574255581044298e-05,not_computed
H2AX4H100,log,4,ZINB,0.20790481567382812,True,30,-977.4556863672568,1964.9113727345136,1985.7489551889553,0.0007521914765513671,not_computed
H2AX4H100,log,4,P+NB,0.3926401138305664,True,67,-977.9544894277567,1967.9089788555134,1992.9140778008434,3.460341044814186e-07,not_computed
H2AX4H100,log,4,Z+P+NB,0.3792893886566162,True,31,-977.456229717126,1970.912459434252,2004.2525913613588,0.0028532144881402294,not_computed
H2AX4H100,log,4,ZIP--ZINB,0.5425963401794434,True,48,-976.6301494731791,1973.2602989463583,2014.9354638552418,0.1110322554179542,not_computed
H2AX4H100,log,1,Poisson,0.029128551483154297,True,8,-1035.7032187100115,2075.406437420023,2083.7414704017997,0.00016303148977669935,not_computed
H2AX4H100,log,1,NB,0.07526731491088867,True,11,-1034.350372254724,2074.700744509448,2087.2032939821133,3.814389429535048e-05,not_computed
H2AX4H100,log,1,ZIP,0.06721925735473633,True,12,-976.4803876082252,1960.9607752164504,1977.6308411800037,7.161810643729893e-05,not_computed
H2AX4H100,log,1,ZINB,0.1980750560760498,True,27,-976.4800068318499,1962.9600136636998,1983.7975961181414,0.00375567497695517,not_computed
H2AX4H100,log,1,P+NB,0.3948216438293457,True,88,-978.4144443794908,1968.8288887589815,1993.8339877043115,0.000773401123859152,not_computed
H2AX4H100,log,1,Z+P+NB,0.3813469409942627,True,35,-976.4803848878905,1968.960769775781,2002.3009017028878,0.01041784990306277,not_computed
H2AX4H100,log,1,ZIP--ZINB,0.657792329788208,True,90,-974.0345784146825,1968.069156829365,2009.7443217382486,0.0025753882912722403,not_computed
C3,log,4,Poisson,0.08171558380126953,True,10,-2773.3276096831646,5552.655219366329,5571.153868172106,0.0007564114765443719,not_computed
C3,log,4,NB,0.2935934066772461,True,27,-2511.870885911562,5031.741771823124,5056.406636897492,0.0008978953743792317,not_computed
C3,log,4,ZIP,0.26587557792663574,True,16,-2451.440721872356,4912.881443744712,4943.7125250876725,0.00016923984317429586,not_computed
C3,log,4,ZINB,0.5617296695709229,True,25,-2451.174887797045,4914.34977559409,4951.347073205643,0.0008603418886963254,not_computed
C3,log,4,P+NB,1.6766090393066406,True,62,-2446.782231690556,4909.564463381112,4958.894193529849,0.00015888458547153188,not_computed
C3,log,4,Z+P+NB,2.2893383502960205,True,89,-2446.5517446835183,4913.103489367037,4974.765652052958,0.019864327974374874,not_computed
C3,log,4,ZIP--ZINB,3.1617915630340576,True,62,-2446.2569838293193,4916.513967658639,4990.508562881744,0.0958830992781401,not_computed
C3,log,3,Poisson,0.07361769676208496,True,10,-2747.7710152905192,5501.5420305810385,5520.040679386815,0.001196454130820257,not_computed
C3,log,3,NB,0.22576260566711426,True,9,-2515.624036580335,5039.24807316067,5063.912938235038,0.0007027096259548671,not_computed
C3,log,3,ZIP,0.27122998237609863,True,13,-2460.172235578718,4930.344471157436,4961.175552500396,0.0001941714871840361,not_computed
C3,log,3,ZINB,0.5444850921630859,True,21,-2459.8798315329173,4931.7596630658345,4968.756960677388,0.004009101793556624,not_computed
C3,log,3,P+NB,1.2165138721466064,True,53,-2456.8367355692067,4929.673471138413,4979.003201287151,0.0005085923028786965,not_computed
C3,log,3,Z+P+NB,2.184272050857544,True,75,-2456.1732475457115,4932.346495091423,4994.0086577773445,0.016900746994110705,not_computed
C3,log,3,ZIP--ZINB,4.181305885314941,True,105,-2455.963956064746,4935.927912129492,5009.922507352598,0.0018709274139752097,not_computed
C3,log,1,Poisson,0.08969235420227051,True,13,-2774.9839922483097,5555.9679844966195,5574.466633302396,0.0016063265854313613,not_computed
C3,log,1,NB,0.1953260898590088,True,11,-2525.7367249102854,5059.473449820571,5084.138314894939,0.00011337535213229444,not_computed
C3,log,1,ZIP,0.21227693557739258,True,13,-2466.119131255254,4942.238262510508,4973.069343853469,0.0016526614445808718,not_computed
C3,log,1,ZINB,0.7810943126678467,True,49,-2466.1187602013,4944.2375204026,4981.2348180141535,0.007388890338035026,not_computed
C3,log,1,P+NB,1.2578270435333252,True,46,-2463.5756501927344,4943.151300385469,4992.481030534206,0.0009939685093343087,not_computed
C3,log,1,Z+P+NB,2.9666829109191895,True,64,-2462.7819492212143,4945.563898442429,5007.22606112835,0.09113574477950692,not_computed
C3,log,1,ZIP--ZINB,4.0262086391448975,True,114,-2462.586346410445,4949.17269282089,5023.1672880439955,0.31994430481231007,not_computed
C3,log,2,Poisson,0.05223512649536133,True,9,-2775.997349508564,5557.994699017128,5576.493347822905,0.004918161347177374,not_computed
C3,log,2,NB,0.20760560035705566,True,27,-2524.318244361637,5056.636488723274,5081.301353797642,5.1647903015705765e-05,not_computed
C3,log,2,ZIP,0.260831356048584,True,12,-2466.5250816583057,4943.050163316611,4973.881244659572,0.004323332148103987,not_computed
C3,log,2,ZINB,0.7722697257995605,True,22,-2466.0512054058963,4944.102410811793,4981.099708423346,0.0021341727982218117,not_computed
C3,log,2,P+NB,1.430048942565918,True,47,-2464.5898616563572,4945.1797233127145,4994.509453461452,0.0006158496062340646,not_computed
C3,log,2,Z+P+NB,2.4435415267944336,True,62,-2464.174601980213,4948.349203960426,5010.011366646348,0.13291392758549136,not_computed
C3,log,2,ZIP--ZINB,4.707005739212036,True,138,-2463.7943174544334,4951.588634908867,5025.583230131972,0.027730021968372043,not_computed
C3,log,0,Poisson,0.08768367767333984,True,13,-2783.0394760869085,5572.078952173817,5590.577600979594,0.0013085746758747518,not_computed
C3,log,0,NB,0.1943225860595703,True,12,-2536.7494051921576,5081.498810384315,5106.163675458683,0.00013417984933994376,not_computed
C3,log,0,ZIP,0.22640466690063477,True,13,-2479.4193035566414,4968.838607113283,4999.669688456243,0.0011936244118118111,not_computed
C3,log,0,ZINB,0.7179851531982422,True,26,-2479.2168916101823,4970.433783220365,5007.431080831918,0.0006137147128981724,not_computed
C3,log,0,P+NB,1.7129535675048828,True,64,-2477.38956029315,4970.7791205863,5020.108850735038,0.002968654298541651,not_computed
C3,log,0,Z+P+NB,2.699126720428467,True,84,-2476.5114630227863,4973.022926045573,5034.685088731494,0.1859642640663708,not_computed
C3,log,0,ZIP--ZINB,5.2565295696258545,True,98,-2476.359234031203,4976.718468062406,5050.713063285511,0.4044871557452865,not_computed
