Scenario,Dataset,Rep,RestrictedModel,FullModel,RestrictedLogLik,FullLogLik,LRT,df,boundary_dim,p_value,reject,method
D3,Dataset 3,6,Poisson,ZIP--ZINB,-73965.20381496129,-29073.11839653926,89784.17083684407,nan,2,0.0,True,chi-bar² heuristic; k=2
D3,Dataset 3,6,NB,ZIP--ZINB,-33221.91072658813,-29073.11839653926,8297.584660097746,nan,2,0.0,True,chi-bar² heuristic; k=2
D3,Dataset 3,6,P+NB,ZIP--ZINB,-32485.88749502009,-29073.11839653926,6825.538196961665,nan,2,0.0,True,chi-bar² heuristic; k=2
D3,Dataset 3,6,ZIP,ZIP--ZINB,-43248.47053264277,-29073.11839653926,28350.704272207025,nan,1,0.0,True,chi-bar² heuristic; k=1
D3,Dataset 3,6,ZINB,ZIP--ZINB,-29652.88070054196,-29073.11839653926,1159.5246080053985,nan,1,1.9090921674017404e-254,True,chi-bar² heuristic; k=1
D3,Dataset 3,6,Z+P+NB,ZIP--ZINB,-29087.750271834426,-29073.11839653926,29.263750590333075,2,0,4.4203565302622373e-07,True,chi²(df=2; shared inflation gamma_z=gamma_nb)
D3,Dataset 3,5,Poisson,ZIP--ZINB,-73121.00653083732,-28993.063776135943,88255.88550940275,nan,2,0.0,True,chi-bar² heuristic; k=2
D3,Dataset 3,5,NB,ZIP--ZINB,-33077.029712922405,-28993.063776135943,8167.931873572925,nan,2,0.0,True,chi-bar² heuristic; k=2
D3,Dataset 3,5,P+NB,ZIP--ZINB,-32347.263027961286,-28993.063776135943,6708.398503650686,nan,2,0.0,True,chi-bar² heuristic; k=2
D3,Dataset 3,5,ZIP,ZIP--ZINB,-42220.2561107174,-28993.063776135943,26454.384669162908,nan,1,0.0,True,chi-bar² heuristic; k=1
D3,Dataset 3,5,ZINB,ZIP--ZINB,-29557.391993785597,-28993.063776135943,1128.6564352993082,nan,1,9.76369797912885e-248,True,chi-bar² heuristic; k=1
D3,Dataset 3,5,Z+P+NB,ZIP--ZINB,-29009.450149931086,-28993.063776135943,32.7727475902866,2,0,7.646950560369955e-08,True,chi²(df=2; shared inflation gamma_z=gamma_nb)
D3,Dataset 3,13,Poisson,ZIP--ZINB,-71260.61582602852,-28953.688807719678,84613.85403661767,nan,2,0.0,True,chi-bar² heuristic; k=2
D3,Dataset 3,13,NB,ZIP--ZINB,-32959.34494093936,-28953.688807719678,8011.3122664393595,nan,2,0.0,True,chi-bar² heuristic; k=2
D3,Dataset 3,13,P+NB,ZIP--ZINB,-32225.999641393657,-28953.688807719678,6544.621667347958,nan,2,0.0,True,chi-bar² heuristic; k=2
D3,Dataset 3,13,ZIP,ZIP--ZINB,-41145.0499131654,-28953.688807719678,24382.722210891443,nan,1,0.0,True,chi-bar² heuristic; k=1
D3,Dataset 3,13,ZINB,ZIP--ZINB,-29497.64501942178,-28953.688807719678,1087.9124234042029,nan,1,6.998962584874199e-239,True,chi-bar² heuristic; k=1
D3,Dataset 3,13,Z+P+NB,ZIP--ZINB,-28968.110022121953,-28953.688807719678,28.842428804549854,2,0,5.456902104913629e-07,True,chi²(df=2; shared inflation gamma_z=gamma_nb)
D3,Dataset 3,3,Poisson,ZIP--ZINB,-72402.00963120534,-29289.62903491732,86224.76119257603,nan,2,0.0,True,chi-bar² heuristic; k=2
D3,Dataset 3,3,NB,ZIP--ZINB,-33440.96201555911,-29289.62903491732,8302.66596128358,nan,2,0.0,True,chi-bar² heuristic; k=2
D3,Dataset 3,3,P+NB,ZIP--ZINB,-32733.838064575168,-29289.62903491732,6888.4180593156925,nan,2,0.0,True,chi-bar² heuristic; k=2
D3,Dataset 3,3,ZIP,ZIP--ZINB,-42160.51462952806,-29289.62903491732,25741.771189221472,nan,1,0.0,True,chi-bar² heuristic; k=1
D3,Dataset 3,3,ZINB,ZIP--ZINB,-29811.527653484423,-29289.62903491732,1043.797237134204,nan,1,2.7132933966276933e-229,True,chi-bar² heuristic; k=1
D3,Dataset 3,3,Z+P+NB,ZIP--ZINB,-29318.645761573713,-29289.62903491732,58.03345331278251,2,0,2.50147248511524e-13,True,chi²(df=2; shared inflation gamma_z=gamma_nb)
D3,Dataset 3,1,Poisson,ZIP--ZINB,-73674.85809396031,-29104.272810616796,89141.17056668704,nan,2,0.0,True,chi-bar² heuristic; k=2
D3,Dataset 3,1,NB,ZIP--ZINB,-33355.82602406863,-29104.272810616796,8503.106426903665,nan,2,0.0,True,chi-bar² heuristic; k=2
D3,Dataset 3,1,P+NB,ZIP--ZINB,-32535.337558725318,-29104.272810616796,6862.129496217043,nan,2,0.0,True,chi-bar² heuristic; k=2
D3,Dataset 3,1,ZIP,ZIP--ZINB,-42624.18765654128,-29104.272810616796,27039.829691848972,nan,1,0.0,True,chi-bar² heuristic; k=1
D3,Dataset 3,1,ZINB,ZIP--ZINB,-29732.30794098873,-29104.272810616796,1256.0702607438652,nan,1,1.9900613552166215e-275,True,chi-bar² heuristic; k=1
D3,Dataset 3,1,Z+P+NB,ZIP--ZINB,-29119.77835010917,-29104.272810616796,31.011078984745836,2,0,1.845141851069183e-07,True,chi²(df=2; shared inflation gamma_z=gamma_nb)
D3,Dataset 3,8,Poisson,ZIP--ZINB,-72033.47016019824,-29125.29583847476,85816.34864344695,nan,2,0.0,True,chi-bar² heuristic; k=2
D3,Dataset 3,8,NB,ZIP--ZINB,-33177.58280166739,-29125.29583847476,8104.573926385259,nan,2,0.0,True,chi-bar² heuristic; k=2
D3,Dataset 3,8,P+NB,ZIP--ZINB,-32459.766630848346,-29125.29583847476,6668.941584747168,nan,2,0.0,True,chi-bar² heuristic; k=2
D3,Dataset 3,8,ZIP,ZIP--ZINB,-41934.840674573716,-29125.29583847476,25619.089672197908,nan,1,0.0,True,chi-bar² heuristic; k=1
D3,Dataset 3,8,ZINB,ZIP--ZINB,-29690.99214967585,-29125.29583847476,1131.392622402178,nan,1,2.4827557314078087e-248,True,chi-bar² heuristic; k=1
D3,Dataset 3,8,Z+P+NB,ZIP--ZINB,-29148.027355821287,-29125.29583847476,45.46303469304985,2,0,1.3422315751882077e-10,True,chi²(df=2; shared inflation gamma_z=gamma_nb)
D3,Dataset 3,14,Poisson,ZIP--ZINB,-72813.64806621942,-29184.693149054692,87257.90983432946,nan,2,0.0,True,chi-bar² heuristic; k=2
D3,Dataset 3,14,NB,ZIP--ZINB,-33213.17461675364,-29184.693149054692,8056.962935397896,nan,2,0.0,True,chi-bar² heuristic; k=2
D3,Dataset 3,14,P+NB,ZIP--ZINB,-32499.739826885223,-29184.693149054692,6630.093355661062,nan,2,0.0,True,chi-bar² heuristic; k=2
D3,Dataset 3,14,ZIP,ZIP--ZINB,-42644.225769030774,-29184.693149054692,26919.065239952164,nan,1,0.0,True,chi-bar² heuristic; k=1
D3,Dataset 3,14,ZINB,ZIP--ZINB,-29769.26480034463,-29184.693149054692,1169.143302579876,nan,1,1.55011203303419e-256,True,chi-bar² heuristic; k=1
D3,Dataset 3,14,Z+P+NB,ZIP--ZINB,-29206.47983820044,-29184.693149054692,43.57337829149765,2,0,3.452718128556721e-10,True,chi²(df=2; shared inflation gamma_z=gamma_nb)
D3,Dataset 3,4,Poisson,ZIP--ZINB,-73944.61646825753,-29092.924175486118,89703.38458554284,nan,2,0.0,True,chi-bar² heuristic; k=2
D3,Dataset 3,4,NB,ZIP--ZINB,-33182.36341412659,-29092.924175486118,8178.878477280938,nan,2,0.0,True,chi-bar² heuristic; k=2
D3,Dataset 3,4,P+NB,ZIP--ZINB,-32400.967984759947,-29092.924175486118,6616.087618547659,nan,2,0.0,True,chi-bar² heuristic; k=2
D3,Dataset 3,4,ZIP,ZIP--ZINB,-42918.06104681498,-29092.924175486118,27650.27374265773,nan,1,0.0,True,chi-bar² heuristic; k=1
D3,Dataset 3,4,ZINB,ZIP--ZINB,-29711.30631446123,-29092.924175486118,1236.7642779502276,nan,1,3.1222342837255047e-271,True,chi-bar² heuristic; k=1
D3,Dataset 3,4,Z+P+NB,ZIP--ZINB,-29104.974017836514,-29092.924175486118,24.09968470079184,2,0,5.845477045372269e-06,True,chi²(df=2; shared inflation gamma_z=gamma_nb)
D3,Dataset 3,11,Poisson,ZIP--ZINB,-76063.77969947219,-29312.758709245732,93502.04198045291,nan,2,0.0,True,chi-bar² heuristic; k=2
D3,Dataset 3,11,NB,ZIP--ZINB,-33313.79027082797,-29312.758709245732,8002.06312316448,nan,2,0.0,True,chi-bar² heuristic; k=2
D3,Dataset 3,11,P+NB,ZIP--ZINB,-32624.692526644743,-29312.758709245732,6623.867634798022,nan,2,0.0,True,chi-bar² heuristic; k=2
D3,Dataset 3,11,ZIP,ZIP--ZINB,-43663.42540361092,-29312.758709245732,28701.333388730374,nan,1,0.0,True,chi-bar² heuristic; k=1
D3,Dataset 3,11,ZINB,ZIP--ZINB,-29857.697923306536,-29312.758709245732,1089.8784281216067,nan,1,2.616554760856927e-239,True,chi-bar² heuristic; k=1
D3,Dataset 3,11,Z+P+NB,ZIP--ZINB,-29324.828476808274,-29312.758709245732,24.139535125083057,2,0,5.730157374869754e-06,True,chi²(df=2; shared inflation gamma_z=gamma_nb)
D3,Dataset 3,7,Poisson,ZIP--ZINB,-73642.631516077,-29041.73720662699,89201.78861890003,nan,2,0.0,True,chi-bar² heuristic; k=2
D3,Dataset 3,7,NB,ZIP--ZINB,-33126.622292081025,-29041.73720662699,8169.770170908072,nan,2,0.0,True,chi-bar² heuristic; k=2
D3,Dataset 3,7,P+NB,ZIP--ZINB,-32431.101301038714,-29041.73720662699,6778.72818882345,nan,2,0.0,True,chi-bar² heuristic; k=2
D3,Dataset 3,7,ZIP,ZIP--ZINB,-42646.81161722969,-29041.73720662699,27210.148821205396,nan,1,0.0,True,chi-bar² heuristic; k=1
D3,Dataset 3,7,ZINB,ZIP--ZINB,-29611.23109627908,-29041.73720662699,1138.9877793041815,nan,1,5.5490203154072526e-250,True,chi-bar² heuristic; k=1
D3,Dataset 3,7,Z+P+NB,ZIP--ZINB,-29061.033330954117,-29041.73720662699,38.592248654254945,2,0,4.166771477063169e-09,True,chi²(df=2; shared inflation gamma_z=gamma_nb)
D3,Dataset 3,2,Poisson,ZIP--ZINB,-72082.91698383713,-29032.206493549817,86101.42098057462,nan,2,0.0,True,chi-bar² heuristic; k=2
D3,Dataset 3,2,NB,ZIP--ZINB,-33189.420276761266,-29032.206493549817,8314.427566422899,nan,2,0.0,True,chi-bar² heuristic; k=2
D3,Dataset 3,2,P+NB,ZIP--ZINB,-32497.398063903347,-29032.206493549817,6930.383140707061,nan,2,0.0,True,chi-bar² heuristic; k=2
D3,Dataset 3,2,ZIP,ZIP--ZINB,-41907.115437080116,-29032.206493549817,25749.8178870606,nan,1,0.0,True,chi-bar² heuristic; k=1
D3,Dataset 3,2,ZINB,ZIP--ZINB,-29574.944678508575,-29032.206493549817,1085.4763699175164,nan,1,2.3686552479618753e-238,True,chi-bar² heuristic; k=1
D3,Dataset 3,2,Z+P+NB,ZIP--ZINB,-29053.72315880863,-29032.206493549817,43.03333051762456,2,0,4.523046047235044e-10,True,chi²(df=2; shared inflation gamma_z=gamma_nb)
D3,Dataset 3,12,Poisson,ZIP--ZINB,-74738.58225520454,-29367.70188143419,90741.76074754071,nan,2,0.0,True,chi-bar² heuristic; k=2
D3,Dataset 3,12,NB,ZIP--ZINB,-33477.00067276262,-29367.70188143419,8218.597582656854,nan,2,0.0,True,chi-bar² heuristic; k=2
D3,Dataset 3,12,P+NB,ZIP--ZINB,-32749.79323147911,-29367.70188143419,6764.182700089841,nan,2,0.0,True,chi-bar² heuristic; k=2
D3,Dataset 3,12,ZIP,ZIP--ZINB,-43616.318538001775,-29367.70188143419,28497.23331313517,nan,1,0.0,True,chi-bar² heuristic; k=1
D3,Dataset 3,12,ZINB,ZIP--ZINB,-29944.242347407668,-29367.70188143419,1153.0809319469554,nan,1,4.800222620560949e-253,True,chi-bar² heuristic; k=1
D3,Dataset 3,12,Z+P+NB,ZIP--ZINB,-29382.089236700263,-29367.70188143419,28.774710532146855,2,0,5.644831709722651e-07,True,chi²(df=2; shared inflation gamma_z=gamma_nb)
D3,Dataset 3,0,Poisson,ZIP--ZINB,-75384.60196716501,-29858.070960647274,91053.06201303548,nan,2,0.0,True,chi-bar² heuristic; k=2
D3,Dataset 3,0,NB,ZIP--ZINB,-33835.28710748052,-29858.070960647274,7954.432293666498,nan,2,0.0,True,chi-bar² heuristic; k=2
D3,Dataset 3,0,P+NB,ZIP--ZINB,-33073.66681956424,-29858.070960647274,6431.191717833935,nan,2,0.0,True,chi-bar² heuristic; k=2
D3,Dataset 3,0,ZIP,ZIP--ZINB,-43952.12045500686,-29858.070960647274,28188.098988719168,nan,1,0.0,True,chi-bar² heuristic; k=1
D3,Dataset 3,0,ZINB,ZIP--ZINB,-30490.673054779334,-29858.070960647274,1265.2041882641206,nan,1,2.0601006949688974e-277,True,chi-bar² heuristic; k=1
D3,Dataset 3,0,Z+P+NB,ZIP--ZINB,-29882.779750085,-29858.070960647274,49.417578875451,2,0,1.8582711852592082e-11,True,chi²(df=2; shared inflation gamma_z=gamma_nb)
D3,Dataset 3,10,Poisson,ZIP--ZINB,-72526.29307037398,-29216.407713292458,86619.77071416305,nan,2,0.0,True,chi-bar² heuristic; k=2
D3,Dataset 3,10,NB,ZIP--ZINB,-33310.314600268706,-29216.407713292458,8187.813773952497,nan,2,0.0,True,chi-bar² heuristic; k=2
D3,Dataset 3,10,P+NB,ZIP--ZINB,-32624.940513218044,-29216.407713292458,6817.065599851172,nan,2,0.0,True,chi-bar² heuristic; k=2
D3,Dataset 3,10,ZIP,ZIP--ZINB,-42137.79958402641,-29216.407713292458,25842.78374146791,nan,1,0.0,True,chi-bar² heuristic; k=1
D3,Dataset 3,10,ZINB,ZIP--ZINB,-29755.29648783344,-29216.407713292458,1077.7775490819622,nan,1,1.1164064409858572e-236,True,chi-bar² heuristic; k=1
D3,Dataset 3,10,Z+P+NB,ZIP--ZINB,-29250.231284602472,-29216.407713292458,67.64714262002963,2,0,2.0446059570634273e-15,True,chi²(df=2; shared inflation gamma_z=gamma_nb)
D3,Dataset 3,9,Poisson,ZIP--ZINB,-74932.59879570427,-29143.1792203137,91578.83915078113,nan,2,0.0,True,chi-bar² heuristic; k=2
D3,Dataset 3,9,NB,ZIP--ZINB,-33150.68746764872,-29143.1792203137,8015.016494670039,nan,2,0.0,True,chi-bar² heuristic; k=2
D3,Dataset 3,9,P+NB,ZIP--ZINB,-32488.706081901168,-29143.1792203137,6691.053723174933,nan,2,0.0,True,chi-bar² heuristic; k=2
D3,Dataset 3,9,ZIP,ZIP--ZINB,-43597.85575063797,-29143.1792203137,28909.353060648544,nan,1,0.0,True,chi-bar² heuristic; k=1
D3,Dataset 3,9,ZINB,ZIP--ZINB,-29676.00351545491,-29143.1792203137,1065.6485902824206,nan,1,4.831091535976952e-234,True,chi-bar² heuristic; k=1
D3,Dataset 3,9,Z+P+NB,ZIP--ZINB,-29161.96384235186,-29143.1792203137,37.569244076315954,2,0,6.949319900799615e-09,True,chi²(df=2; shared inflation gamma_z=gamma_nb)
D3,Dataset 3,25,Poisson,ZIP--ZINB,-73625.43577936599,-29249.794214773894,88751.28312918419,nan,2,0.0,True,chi-bar² heuristic; k=2
D3,Dataset 3,25,NB,ZIP--ZINB,-33354.552230374706,-29249.794214773894,8209.516031201623,nan,2,0.0,True,chi-bar² heuristic; k=2
D3,Dataset 3,25,P+NB,ZIP--ZINB,-32598.270074748893,-29249.794214773894,6696.951719949997,nan,2,0.0,True,chi-bar² heuristic; k=2
D3,Dataset 3,25,ZIP,ZIP--ZINB,-42969.74282120647,-29249.794214773894,27439.89721286515,nan,1,0.0,True,chi-bar² heuristic; k=1
D3,Dataset 3,25,ZINB,ZIP--ZINB,-29829.15634936635,-29249.794214773894,1158.7242691849096,nan,1,2.8494952558362856e-254,True,chi-bar² heuristic; k=1
D3,Dataset 3,25,Z+P+NB,ZIP--ZINB,-29272.697308115203,-29249.794214773894,45.80618668261741,2,0,1.1306103149322271e-10,True,chi²(df=2; shared inflation gamma_z=gamma_nb)
D3,Dataset 3,15,Poisson,ZIP--ZINB,-73427.77765670032,-29261.43801418657,88332.6792850275,nan,2,0.0,True,chi-bar² heuristic; k=2
D3,Dataset 3,15,NB,ZIP--ZINB,-33240.9276436567,-29261.43801418657,7958.979258940264,nan,2,0.0,True,chi-bar² heuristic; k=2
D3,Dataset 3,15,P+NB,ZIP--ZINB,-32596.84530487546,-29261.43801418657,6670.814581377781,nan,2,0.0,True,chi-bar² heuristic; k=2
D3,Dataset 3,15,ZIP,ZIP--ZINB,-42898.785842128615,-29261.43801418657,27274.69565588409,nan,1,0.0,True,chi-bar² heuristic; k=1
D3,Dataset 3,15,ZINB,ZIP--ZINB,-29764.470407119188,-29261.43801418657,1006.0647858652374,nan,1,4.314932571952805e-221,True,chi-bar² heuristic; k=1
D3,Dataset 3,15,Z+P+NB,ZIP--ZINB,-29277.254850248282,-29261.43801418657,31.63367212342564,2,0,1.3515601464821237e-07,True,chi²(df=2; shared inflation gamma_z=gamma_nb)
D3,Dataset 3,16,Poisson,ZIP--ZINB,-71734.6550701267,-28738.598308944835,85992.11352236372,nan,2,0.0,True,chi-bar² heuristic; k=2
D3,Dataset 3,16,NB,ZIP--ZINB,-32756.036486803598,-28738.598308944835,8034.876355717526,nan,2,0.0,True,chi-bar² heuristic; k=2
D3,Dataset 3,16,P+NB,ZIP--ZINB,-32062.670021672795,-28738.598308944835,6648.143425455921,nan,2,0.0,True,chi-bar² heuristic; k=2
D3,Dataset 3,16,ZIP,ZIP--ZINB,-41838.07448191043,-28738.598308944835,26198.95234593119,nan,1,0.0,True,chi-bar² heuristic; k=1
D3,Dataset 3,16,ZINB,ZIP--ZINB,-29289.61919883129,-28738.598308944835,1102.0417797729096,nan,1,5.944097894590196e-242,True,chi-bar² heuristic; k=1
D3,Dataset 3,16,Z+P+NB,ZIP--ZINB,-28752.332276216515,-28738.598308944835,27.46793454336148,2,0,1.0849601804615618e-06,True,chi²(df=2; shared inflation gamma_z=gamma_nb)
D3,Dataset 3,17,Poisson,ZIP--ZINB,-74321.96100281278,-29301.32105739697,90041.27989083162,nan,2,0.0,True,chi-bar² heuristic; k=2
D3,Dataset 3,17,NB,ZIP--ZINB,-33482.16760315478,-29301.32105739697,8361.693091515626,nan,2,0.0,True,chi-bar² heuristic; k=2
D3,Dataset 3,17,P+NB,ZIP--ZINB,-32741.651706965582,-29301.32105739697,6880.661299137224,nan,2,0.0,True,chi-bar² heuristic; k=2
D3,Dataset 3,17,ZIP,ZIP--ZINB,-42657.63572966948,-29301.32105739697,26712.629344545014,nan,1,0.0,True,chi-bar² heuristic; k=1
D3,Dataset 3,17,ZINB,ZIP--ZINB,-29840.728619249014,-29301.32105739697,1078.8151237040875,nan,1,6.642129000293361e-237,True,chi-bar² heuristic; k=1
D3,Dataset 3,17,Z+P+NB,ZIP--ZINB,-29318.814571326642,-29301.32105739697,34.98702785934438,2,0,2.527338604987531e-08,True,chi²(df=2; shared inflation gamma_z=gamma_nb)
D3,Dataset 3,18,Poisson,ZIP--ZINB,-73978.66047077774,-29073.708373461963,89809.90419463156,nan,2,0.0,True,chi-bar² heuristic; k=2
D3,Dataset 3,18,NB,ZIP--ZINB,-33060.436970942596,-29073.708373461963,7973.4571949612655,nan,2,0.0,True,chi-bar² heuristic; k=2
D3,Dataset 3,18,P+NB,ZIP--ZINB,-32421.42054717033,-29073.708373461963,6695.424347416738,nan,2,0.0,True,chi-bar² heuristic; k=2
D3,Dataset 3,18,ZIP,ZIP--ZINB,-42721.26518576323,-29073.708373461963,27295.113624602534,nan,1,0.0,True,chi-bar² heuristic; k=1
D3,Dataset 3,18,ZINB,ZIP--ZINB,-29575.355199550013,-29073.708373461963,1003.2936521761003,nan,1,1.72709331770865e-220,True,chi-bar² heuristic; k=1
D3,Dataset 3,18,Z+P+NB,ZIP--ZINB,-29089.250146467904,-29073.708373461963,31.0835460118833,2,0,1.7794825948820315e-07,True,chi²(df=2; shared inflation gamma_z=gamma_nb)
D3,Dataset 3,29,Poisson,ZIP--ZINB,-75436.24955541041,-29384.69395911527,92103.11119259028,nan,2,0.0,True,chi-bar² heuristic; k=2
D3,Dataset 3,29,NB,ZIP--ZINB,-33548.42838189104,-29384.69395911527,8327.468845551542,nan,2,0.0,True,chi-bar² heuristic; k=2
D3,Dataset 3,29,P+NB,ZIP--ZINB,-32806.803730433014,-29384.69395911527,6844.219542635488,nan,2,0.0,True,chi-bar² heuristic; k=2
D3,Dataset 3,29,ZIP,ZIP--ZINB,-43697.76660920654,-29384.69395911527,28626.145300182543,nan,1,0.0,True,chi-bar² heuristic; k=1
D3,Dataset 3,29,ZINB,ZIP--ZINB,-29967.568261502223,-29384.69395911527,1165.7486047739076,nan,1,8.475058288194936e-256,True,chi-bar² heuristic; k=1
D3,Dataset 3,29,Z+P+NB,ZIP--ZINB,-29396.756585309624,-29384.69395911527,24.12525238870876,2,0,5.771225003447801e-06,True,chi²(df=2; shared inflation gamma_z=gamma_nb)
D3,Dataset 3,22,Poisson,ZIP--ZINB,-72371.12509859729,-28864.598704587,87013.05278802058,nan,2,0.0,True,chi-bar² heuristic; k=2
D3,Dataset 3,22,NB,ZIP--ZINB,-32930.22337008773,-28864.598704587,8131.249331001469,nan,2,0.0,True,chi-bar² heuristic; k=2
D3,Dataset 3,22,P+NB,ZIP--ZINB,-32260.41683970071,-28864.598704587,6791.63627022742,nan,2,0.0,True,chi-bar² heuristic; k=2
D3,Dataset 3,22,ZIP,ZIP--ZINB,-41731.89740269042,-28864.598704587,25734.59739620684,nan,1,0.0,True,chi-bar² heuristic; k=1
D3,Dataset 3,22,ZINB,ZIP--ZINB,-29392.607799070887,-28864.598704587,1056.018188967777,nan,1,5.987257682047929e-232,True,chi-bar² heuristic; k=1
D3,Dataset 3,22,Z+P+NB,ZIP--ZINB,-28881.418571526152,-28864.598704587,33.63973387830629,2,0,4.957064866540625e-08,True,chi²(df=2; shared inflation gamma_z=gamma_nb)
D3,Dataset 3,21,Poisson,ZIP--ZINB,-74592.70450173406,-29431.27691081227,90322.85518184357,nan,2,0.0,True,chi-bar² heuristic; k=2
D3,Dataset 3,21,NB,ZIP--ZINB,-33576.536747043036,-29431.27691081227,8290.51967246153,nan,2,0.0,True,chi-bar² heuristic; k=2
D3,Dataset 3,21,P+NB,ZIP--ZINB,-32869.659937534416,-29431.27691081227,6876.766053444291,nan,2,0.0,True,chi-bar² heuristic; k=2
D3,Dataset 3,21,ZIP,ZIP--ZINB,-43143.579966044344,-29431.27691081227,27424.60611046415,nan,1,0.0,True,chi-bar² heuristic; k=1
D3,Dataset 3,21,ZINB,ZIP--ZINB,-29999.871368710625,-29431.27691081227,1137.188915796709,nan,1,1.3651399775645663e-249,True,chi-bar² heuristic; k=1
D3,Dataset 3,21,Z+P+NB,ZIP--ZINB,-29467.98386709723,-29431.27691081227,73.4139125699221,2,0,1.1438562196601366e-16,True,chi²(df=2; shared inflation gamma_z=gamma_nb)
D3,Dataset 3,20,Poisson,ZIP--ZINB,-73458.04307014952,-29431.641947862146,88052.80224457475,nan,2,0.0,True,chi-bar² heuristic; k=2
D3,Dataset 3,20,NB,ZIP--ZINB,-33533.38436359511,-29431.641947862146,8203.484831465932,nan,2,0.0,True,chi-bar² heuristic; k=2
D3,Dataset 3,20,P+NB,ZIP--ZINB,-32816.317863340126,-29431.641947862146,6769.351830955959,nan,2,0.0,True,chi-bar² heuristic; k=2
D3,Dataset 3,20,ZIP,ZIP--ZINB,-42642.23066107798,-29431.641947862146,26421.177426431663,nan,1,0.0,True,chi-bar² heuristic; k=1
D3,Dataset 3,20,ZINB,ZIP--ZINB,-30009.002799157075,-29431.641947862146,1154.7217025898572,nan,1,2.111856112363901e-253,True,chi-bar² heuristic; k=1
D3,Dataset 3,20,Z+P+NB,ZIP--ZINB,-29454.301564184283,-29431.641947862146,45.31923264427314,2,0,1.4422935762936007e-10,True,chi²(df=2; shared inflation gamma_z=gamma_nb)
D3,Dataset 3,19,Poisson,ZIP--ZINB,-73830.92875536937,-29677.080325202252,88307.69686033424,nan,2,0.0,True,chi-bar² heuristic; k=2
D3,Dataset 3,19,NB,ZIP--ZINB,-33579.0161519354,-29677.080325202252,7803.871653466296,nan,2,0.0,True,chi-bar² heuristic; k=2
D3,Dataset 3,19,P+NB,ZIP--ZINB,-32902.02073883717,-29677.080325202252,6449.880827269837,nan,2,0.0,True,chi-bar² heuristic; k=2
D3,Dataset 3,19,ZIP,ZIP--ZINB,-43640.086591215746,-29677.080325202252,27926.012532026987,nan,1,0.0,True,chi-bar² heuristic; k=1
D3,Dataset 3,19,ZINB,ZIP--ZINB,-30185.497103043323,-29677.080325202252,1016.8335556821403,nan,1,1.969055456847729e-223,True,chi-bar² heuristic; k=1
D3,Dataset 3,19,Z+P+NB,ZIP--ZINB,-29683.79517935593,-29677.080325202252,13.429708307354304,2,0,0.0012127628760313215,True,chi²(df=2; shared inflation gamma_z=gamma_nb)
D3,Dataset 3,26,Poisson,ZIP--ZINB,-73825.6625965756,-29113.74495540237,89423.83528234645,nan,2,0.0,True,chi-bar² heuristic; k=2
D3,Dataset 3,26,NB,ZIP--ZINB,-33239.67516768738,-29113.74495540237,8251.860424570026,nan,2,0.0,True,chi-bar² heuristic; k=2
D3,Dataset 3,26,P+NB,ZIP--ZINB,-32528.03346355987,-29113.74495540237,6828.577016315001,nan,2,0.0,True,chi-bar² heuristic; k=2
D3,Dataset 3,26,ZIP,ZIP--ZINB,-42633.6978081161,-29113.74495540237,27039.90570542746,nan,1,0.0,True,chi-bar² heuristic; k=1
D3,Dataset 3,26,ZINB,ZIP--ZINB,-29700.39019834028,-29113.74495540237,1173.2904858758193,nan,1,1.945566515364784e-257,True,chi-bar² heuristic; k=1
D3,Dataset 3,26,Z+P+NB,ZIP--ZINB,-29133.440962946952,-29113.74495540237,39.39201508916449,2,0,2.7933966492478505e-09,True,chi²(df=2; shared inflation gamma_z=gamma_nb)
D3,Dataset 3,24,Poisson,ZIP--ZINB,-73492.64839207259,-29155.133679533945,88675.02942507729,nan,2,0.0,True,chi-bar² heuristic; k=2
D3,Dataset 3,24,NB,ZIP--ZINB,-33166.29587502243,-29155.133679533945,8022.324390976966,nan,2,0.0,True,chi-bar² heuristic; k=2
D3,Dataset 3,24,P+NB,ZIP--ZINB,-32485.55525794931,-29155.133679533945,6660.843156830728,nan,2,0.0,True,chi-bar² heuristic; k=2
D3,Dataset 3,24,ZIP,ZIP--ZINB,-42831.86785233687,-29155.133679533945,27353.468345605856,nan,1,0.0,True,chi-bar² heuristic; k=1
D3,Dataset 3,24,ZINB,ZIP--ZINB,-29701.47160496907,-29155.133679533945,1092.6758508702478,nan,1,6.452404243624592e-240,True,chi-bar² heuristic; k=1
D3,Dataset 3,24,Z+P+NB,ZIP--ZINB,-29172.29086700798,-29155.133679533945,34.31437494807324,2,0,3.5377582715005505e-08,True,chi²(df=2; shared inflation gamma_z=gamma_nb)
D3,Dataset 3,28,Poisson,ZIP--ZINB,-70135.03087259839,-28807.51597356455,82655.02979806768,nan,2,0.0,True,chi-bar² heuristic; k=2
D3,Dataset 3,28,NB,ZIP--ZINB,-32792.888717750524,-28807.51597356455,7970.745488371947,nan,2,0.0,True,chi-bar² heuristic; k=2
D3,Dataset 3,28,P+NB,ZIP--ZINB,-32125.98692949422,-28807.51597356455,6636.941911859336,nan,2,0.0,True,chi-bar² heuristic; k=2
D3,Dataset 3,28,ZIP,ZIP--ZINB,-40760.68423538277,-28807.51597356455,23906.336523636433,nan,1,0.0,True,chi-bar² heuristic; k=1
D3,Dataset 3,28,ZINB,ZIP--ZINB,-29322.526622332567,-28807.51597356455,1030.0212975360337,nan,1,2.6778328458530558e-226,True,chi-bar² heuristic; k=1
D3,Dataset 3,28,Z+P+NB,ZIP--ZINB,-28827.12687986771,-28807.51597356455,39.221812606316234,2,0,3.0415265189835263e-09,True,chi²(df=2; shared inflation gamma_z=gamma_nb)
D3,Dataset 3,23,Poisson,ZIP--ZINB,-72890.96228338798,-28819.974358489875,88141.97584979622,nan,2,0.0,True,chi-bar² heuristic; k=2
D3,Dataset 3,23,NB,ZIP--ZINB,-32793.645245027554,-28819.974358489875,7947.341773075357,nan,2,0.0,True,chi-bar² heuristic; k=2
D3,Dataset 3,23,P+NB,ZIP--ZINB,-32149.71191304025,-28819.974358489875,6659.475109100749,nan,2,0.0,True,chi-bar² heuristic; k=2
D3,Dataset 3,23,ZIP,ZIP--ZINB,-42167.35691483624,-28819.974358489875,26694.765112692723,nan,1,0.0,True,chi-bar² heuristic; k=1
D3,Dataset 3,23,ZINB,ZIP--ZINB,-29342.27398584716,-28819.974358489875,1044.5992547145725,nan,1,1.8162448116996015e-229,True,chi-bar² heuristic; k=1
D3,Dataset 3,23,Z+P+NB,ZIP--ZINB,-28846.359395048883,-28819.974358489875,52.770073118015716,2,0,3.476355785129898e-12,True,chi²(df=2; shared inflation gamma_z=gamma_nb)
D3,Dataset 3,27,Poisson,ZIP--ZINB,-75265.162216785,-29715.542502516066,91099.23942853787,nan,2,0.0,True,chi-bar² heuristic; k=2
D3,Dataset 3,27,NB,ZIP--ZINB,-33677.85194559129,-29715.542502516066,7924.618886150449,nan,2,0.0,True,chi-bar² heuristic; k=2
D3,Dataset 3,27,P+NB,ZIP--ZINB,-32984.03321783757,-29715.542502516066,6536.981430643005,nan,2,0.0,True,chi-bar² heuristic; k=2
D3,Dataset 3,27,ZIP,ZIP--ZINB,-43839.54745166416,-29715.542502516066,28248.009898296194,nan,1,0.0,True,chi-bar² heuristic; k=1
D3,Dataset 3,27,ZINB,ZIP--ZINB,-30278.251728004077,-29715.542502516066,1125.4184509760235,nan,1,4.935787596725443e-247,True,chi-bar² heuristic; k=1
D3,Dataset 3,27,Z+P+NB,ZIP--ZINB,-29729.76060887712,-29715.542502516066,28.436212722110213,2,0,6.685822836086149e-07,True,chi²(df=2; shared inflation gamma_z=gamma_nb)
D3,Dataset 3,30,Poisson,ZIP--ZINB,-74452.74698119494,-29371.26293819603,90162.96808599783,nan,2,0.0,True,chi-bar² heuristic; k=2
D3,Dataset 3,30,NB,ZIP--ZINB,-33487.43037815096,-29371.26293819603,8232.33487990986,nan,2,0.0,True,chi-bar² heuristic; k=2
D3,Dataset 3,30,P+NB,ZIP--ZINB,-32760.172255953956,-29371.26293819603,6777.818635515854,nan,2,0.0,True,chi-bar² heuristic; k=2
D3,Dataset 3,30,ZIP,ZIP--ZINB,-43236.454487522715,-29371.26293819603,27730.383098653372,nan,1,0.0,True,chi-bar² heuristic; k=1
D3,Dataset 3,30,ZINB,ZIP--ZINB,-29933.23612947038,-29371.26293819603,1123.9463825487037,nan,1,1.0310881013639024e-246,True,chi-bar² heuristic; k=1
D3,Dataset 3,30,Z+P+NB,ZIP--ZINB,-29387.15265870183,-29371.26293819603,31.77944101160392,2,0,1.2565566281560934e-07,True,chi²(df=2; shared inflation gamma_z=gamma_nb)
D3,Dataset 3,31,Poisson,ZIP--ZINB,-74982.89083128168,-29347.204681738713,91271.37229908592,nan,2,0.0,True,chi-bar² heuristic; k=2
D3,Dataset 3,31,NB,ZIP--ZINB,-33427.76154209489,-29347.204681738713,8161.113720712361,nan,2,0.0,True,chi-bar² heuristic; k=2
D3,Dataset 3,31,P+NB,ZIP--ZINB,-32760.199424146216,-29347.204681738713,6825.989484815007,nan,2,0.0,True,chi-bar² heuristic; k=2
D3,Dataset 3,31,ZIP,ZIP--ZINB,-43234.205573161395,-29347.204681738713,27774.001782845364,nan,1,0.0,True,chi-bar² heuristic; k=1
D3,Dataset 3,31,ZINB,ZIP--ZINB,-29874.506740354343,-29347.204681738713,1054.6041172312616,nan,1,1.2150108192308509e-231,True,chi-bar² heuristic; k=1
D3,Dataset 3,31,Z+P+NB,ZIP--ZINB,-29371.677919713773,-29347.204681738713,48.94647595012066,2,0,2.351840111389338e-11,True,chi²(df=2; shared inflation gamma_z=gamma_nb)
D3,Dataset 3,34,Poisson,ZIP--ZINB,-74461.85470131358,-29521.712750501138,89880.28390162489,nan,2,0.0,True,chi-bar² heuristic; k=2
D3,Dataset 3,34,NB,ZIP--ZINB,-33674.20034319907,-29521.712750501138,8304.975185395859,nan,2,0.0,True,chi-bar² heuristic; k=2
D3,Dataset 3,34,P+NB,ZIP--ZINB,-32919.49313449175,-29521.712750501138,6795.560767981224,nan,2,0.0,True,chi-bar² heuristic; k=2
D3,Dataset 3,34,ZIP,ZIP--ZINB,-43451.66645648157,-29521.712750501138,27859.90741196087,nan,1,0.0,True,chi-bar² heuristic; k=1
D3,Dataset 3,34,ZINB,ZIP--ZINB,-30117.549326028333,-29521.712750501138,1191.6731510543905,nan,1,1.9675733944951045e-261,True,chi-bar² heuristic; k=1
D3,Dataset 3,34,Z+P+NB,ZIP--ZINB,-29532.470128723864,-29521.712750501138,21.514756445452804,2,0,2.128776160899698e-05,True,chi²(df=2; shared inflation gamma_z=gamma_nb)
D3,Dataset 3,36,Poisson,ZIP--ZINB,-71787.47402859159,-29058.30471286601,85458.33863145116,nan,2,0.0,True,chi-bar² heuristic; k=2
D3,Dataset 3,36,NB,ZIP--ZINB,-33202.72946273694,-29058.30471286601,8288.84949974186,nan,2,0.0,True,chi-bar² heuristic; k=2
D3,Dataset 3,36,P+NB,ZIP--ZINB,-32434.92793756024,-29058.30471286601,6753.2464493884545,nan,2,0.0,True,chi-bar² heuristic; k=2
D3,Dataset 3,36,ZIP,ZIP--ZINB,-41441.757609791406,-29058.30471286601,24766.90579385079,nan,1,0.0,True,chi-bar² heuristic; k=1
D3,Dataset 3,36,ZINB,ZIP--ZINB,-29584.821571190605,-29058.30471286601,1053.0337166491881,nan,1,2.666313922066453e-231,True,chi-bar² heuristic; k=1
D3,Dataset 3,36,Z+P+NB,ZIP--ZINB,-29078.118590165464,-29058.30471286601,39.627754598906904,2,0,2.4828039276328106e-09,True,chi²(df=2; shared inflation gamma_z=gamma_nb)
D3,Dataset 3,33,Poisson,ZIP--ZINB,-74084.27613239796,-28993.25633132786,90182.03960214021,nan,2,0.0,True,chi-bar² heuristic; k=2
D3,Dataset 3,33,NB,ZIP--ZINB,-33114.94741014476,-28993.25633132786,8243.382157633809,nan,2,0.0,True,chi-bar² heuristic; k=2
D3,Dataset 3,33,P+NB,ZIP--ZINB,-32336.13713181077,-28993.25633132786,6685.761600965823,nan,2,0.0,True,chi-bar² heuristic; k=2
D3,Dataset 3,33,ZIP,ZIP--ZINB,-43146.19734293026,-28993.25633132786,28305.882023204802,nan,1,0.0,True,chi-bar² heuristic; k=1
D3,Dataset 3,33,ZINB,ZIP--ZINB,-29596.491166573527,-28993.25633132786,1206.4696704913367,nan,1,1.1973810870291151e-264,True,chi-bar² heuristic; k=1
D3,Dataset 3,33,Z+P+NB,ZIP--ZINB,-29005.8374858657,-28993.25633132786,25.16230907568388,2,0,3.4361649869380933e-06,True,chi²(df=2; shared inflation gamma_z=gamma_nb)
D3,Dataset 3,39,Poisson,ZIP--ZINB,-71923.39058410528,-29044.39571414379,85757.98973992298,nan,2,0.0,True,chi-bar² heuristic; k=2
D3,Dataset 3,39,NB,ZIP--ZINB,-33054.31505459313,-29044.39571414379,8019.838680898676,nan,2,0.0,True,chi-bar² heuristic; k=2
D3,Dataset 3,39,P+NB,ZIP--ZINB,-32365.400335131795,-29044.39571414379,6642.009241976011,nan,2,0.0,True,chi-bar² heuristic; k=2
D3,Dataset 3,39,ZIP,ZIP--ZINB,-42207.94288434676,-29044.39571414379,26327.094340405944,nan,1,0.0,True,chi-bar² heuristic; k=1
D3,Dataset 3,39,ZINB,ZIP--ZINB,-29623.535373964976,-29044.39571414379,1158.2793196423736,nan,1,3.560170201634631e-254,True,chi-bar² heuristic; k=1
D3,Dataset 3,39,Z+P+NB,ZIP--ZINB,-29066.806374213174,-29044.39571414379,44.821320138769806,2,0,1.8500096597360638e-10,True,chi²(df=2; shared inflation gamma_z=gamma_nb)
D3,Dataset 3,38,Poisson,ZIP--ZINB,-74985.70415894392,-29448.77981464555,91073.84868859674,nan,2,0.0,True,chi-bar² heuristic; k=2
D3,Dataset 3,38,NB,ZIP--ZINB,-33441.61856001804,-29448.77981464555,7985.67749074498,nan,2,0.0,True,chi-bar² heuristic; k=2
D3,Dataset 3,38,P+NB,ZIP--ZINB,-32796.92043540519,-29448.77981464555,6696.281241519282,nan,2,0.0,True,chi-bar² heuristic; k=2
D3,Dataset 3,38,ZIP,ZIP--ZINB,-43725.67153296531,-29448.77981464555,28553.78343663952,nan,1,0.0,True,chi-bar² heuristic; k=1
D3,Dataset 3,38,ZINB,ZIP--ZINB,-29981.936782982062,-29448.77981464555,1066.3139366730247,nan,1,3.462835419412278e-234,True,chi-bar² heuristic; k=1
D3,Dataset 3,38,Z+P+NB,ZIP--ZINB,-29471.691049999485,-29448.77981464555,45.8224707078698,2,0,1.1214422453894284e-10,True,chi²(df=2; shared inflation gamma_z=gamma_nb)
D3,Dataset 3,32,Poisson,ZIP--ZINB,-76040.43151185724,-29273.496666700543,93533.8696903134,nan,2,0.0,True,chi-bar² heuristic; k=2
D3,Dataset 3,32,NB,ZIP--ZINB,-33470.38140921991,-29273.496666700543,8393.769485038734,nan,2,0.0,True,chi-bar² heuristic; k=2
D3,Dataset 3,32,P+NB,ZIP--ZINB,-32676.797159279264,-29273.496666700543,6806.600985157442,nan,2,0.0,True,chi-bar² heuristic; k=2
D3,Dataset 3,32,ZIP,ZIP--ZINB,-43944.66476593956,-29273.496666700543,29342.336198478035,nan,1,0.0,True,chi-bar² heuristic; k=1
D3,Dataset 3,32,ZINB,ZIP--ZINB,-29897.691278605103,-29273.496666700543,1248.3892238091212,nan,1,9.292066011697572e-274,True,chi-bar² heuristic; k=1
D3,Dataset 3,32,Z+P+NB,ZIP--ZINB,-29281.967521391925,-29273.496666700543,16.94170938276511,2,0,0.00020948578113503296,True,chi²(df=2; shared inflation gamma_z=gamma_nb)
D3,Dataset 3,40,Poisson,ZIP--ZINB,-74362.48385915217,-29258.906314546395,90207.15508921155,nan,2,0.0,True,chi-bar² heuristic; k=2
D3,Dataset 3,40,NB,ZIP--ZINB,-33354.52648211048,-29258.906314546395,8191.240335128168,nan,2,0.0,True,chi-bar² heuristic; k=2
D3,Dataset 3,40,P+NB,ZIP--ZINB,-32605.735028455805,-29258.906314546395,6693.65742781882,nan,2,0.0,True,chi-bar² heuristic; k=2
D3,Dataset 3,40,ZIP,ZIP--ZINB,-42935.238344131394,-29258.906314546395,27352.664059169998,nan,1,0.0,True,chi-bar² heuristic; k=1
D3,Dataset 3,40,ZINB,ZIP--ZINB,-29863.462190361923,-29258.906314546395,1209.111751631055,nan,1,3.191813672662681e-265,True,chi-bar² heuristic; k=1
D3,Dataset 3,40,Z+P+NB,ZIP--ZINB,-29276.151297472607,-29258.906314546395,34.489965852422756,2,0,3.2404033660216526e-08,True,chi²(df=2; shared inflation gamma_z=gamma_nb)
D3,Dataset 3,41,Poisson,ZIP--ZINB,-75289.4257751519,-29844.18085234544,90890.48984561293,nan,2,0.0,True,chi-bar² heuristic; k=2
D3,Dataset 3,41,NB,ZIP--ZINB,-33919.32720299853,-29844.18085234544,8150.292701306185,nan,2,0.0,True,chi-bar² heuristic; k=2
D3,Dataset 3,41,P+NB,ZIP--ZINB,-33172.55092056521,-29844.18085234544,6656.740136439548,nan,2,0.0,True,chi-bar² heuristic; k=2
D3,Dataset 3,41,ZIP,ZIP--ZINB,-44298.793321154066,-29844.18085234544,28909.224937617255,nan,1,0.0,True,chi-bar² heuristic; k=1
D3,Dataset 3,41,ZINB,ZIP--ZINB,-30448.079962769694,-29844.18085234544,1207.7982208485118,nan,1,6.158894366571247e-265,True,chi-bar² heuristic; k=1
D3,Dataset 3,41,Z+P+NB,ZIP--ZINB,-29861.83998364891,-29844.18085234544,35.31826260694652,2,0,2.141591920304762e-08,True,chi²(df=2; shared inflation gamma_z=gamma_nb)
D3,Dataset 3,35,Poisson,ZIP--ZINB,-73335.08854044758,-28896.87548278929,88876.42611531659,nan,2,0.0,True,chi-bar² heuristic; k=2
D3,Dataset 3,35,NB,ZIP--ZINB,-32949.802546009814,-28896.87548278929,8105.854126441045,nan,2,0.0,True,chi-bar² heuristic; k=2
D3,Dataset 3,35,P+NB,ZIP--ZINB,-32223.79853266766,-28896.87548278929,6653.846099756738,nan,2,0.0,True,chi-bar² heuristic; k=2
D3,Dataset 3,35,ZIP,ZIP--ZINB,-42240.66664075627,-28896.87548278929,26687.582315933963,nan,1,0.0,True,chi-bar² heuristic; k=1
D3,Dataset 3,35,ZINB,ZIP--ZINB,-29469.115023845763,-28896.87548278929,1144.4790821129427,nan,1,3.554286931068628e-251,True,chi-bar² heuristic; k=1
D3,Dataset 3,35,Z+P+NB,ZIP--ZINB,-28917.005091138533,-28896.87548278929,40.259216698483215,2,0,1.8105985617424983e-09,True,chi²(df=2; shared inflation gamma_z=gamma_nb)
D3,Dataset 3,37,Poisson,ZIP--ZINB,-73001.64630584788,-29308.32932429925,87386.63396309727,nan,2,0.0,True,chi-bar² heuristic; k=2
D3,Dataset 3,37,NB,ZIP--ZINB,-33256.54978291148,-29308.32932429925,7896.440917224463,nan,2,0.0,True,chi-bar² heuristic; k=2
D3,Dataset 3,37,P+NB,ZIP--ZINB,-32590.328878554246,-29308.32932429925,6563.99910850999,nan,2,0.0,True,chi-bar² heuristic; k=2
D3,Dataset 3,37,ZIP,ZIP--ZINB,-42949.47649729529,-29308.32932429925,27282.29434599208,nan,1,0.0,True,chi-bar² heuristic; k=1
D3,Dataset 3,37,ZINB,ZIP--ZINB,-29852.68553006475,-29308.32932429925,1088.7124115309998,nan,1,4.689851921755429e-239,True,chi-bar² heuristic; k=1
D3,Dataset 3,37,Z+P+NB,ZIP--ZINB,-29326.751131104986,-29308.32932429925,36.843613611468754,2,0,9.988745719876471e-09,True,chi²(df=2; shared inflation gamma_z=gamma_nb)
D3,Dataset 3,44,Poisson,ZIP--ZINB,-73003.36826818579,-29168.139526596056,87670.45748317946,nan,2,0.0,True,chi-bar² heuristic; k=2
D3,Dataset 3,44,NB,ZIP--ZINB,-33328.389980575215,-29168.139526596056,8320.500907958318,nan,2,0.0,True,chi-bar² heuristic; k=2
D3,Dataset 3,44,P+NB,ZIP--ZINB,-32633.256772971246,-29168.139526596056,6930.23449275038,nan,2,0.0,True,chi-bar² heuristic; k=2
D3,Dataset 3,44,ZIP,ZIP--ZINB,-42101.85556164976,-29168.139526596056,25867.43207010741,nan,1,0.0,True,chi-bar² heuristic; k=1
D3,Dataset 3,44,ZINB,ZIP--ZINB,-29685.129818107198,-29168.139526596056,1033.980583022283,nan,1,3.691510110087272e-227,True,chi-bar² heuristic; k=1
D3,Dataset 3,44,Z+P+NB,ZIP--ZINB,-29184.899355764108,-29168.139526596056,33.51965833610302,2,0,5.2637914543360634e-08,True,chi²(df=2; shared inflation gamma_z=gamma_nb)
D3,Dataset 3,42,Poisson,ZIP--ZINB,-73995.63094152373,-29338.650185930626,89313.96151118621,nan,2,0.0,True,chi-bar² heuristic; k=2
D3,Dataset 3,42,NB,ZIP--ZINB,-33311.82327043268,-29338.650185930626,7946.346169004108,nan,2,0.0,True,chi-bar² heuristic; k=2
D3,Dataset 3,42,P+NB,ZIP--ZINB,-32660.787779557657,-29338.650185930626,6644.275187254061,nan,2,0.0,True,chi-bar² heuristic; k=2
D3,Dataset 3,42,ZIP,ZIP--ZINB,-43282.790893941914,-29338.650185930626,27888.281416022575,nan,1,0.0,True,chi-bar² heuristic; k=1
D3,Dataset 3,42,ZINB,ZIP--ZINB,-29866.21949747287,-29338.650185930626,1055.1386230844873,nan,1,9.29830638774231e-232,True,chi-bar² heuristic; k=1
D3,Dataset 3,42,Z+P+NB,ZIP--ZINB,-29357.58873988172,-29338.650185930626,37.87710790218989,2,0,5.957863155608273e-09,True,chi²(df=2; shared inflation gamma_z=gamma_nb)
D3,Dataset 3,43,Poisson,ZIP--ZINB,-73291.26383201,-29523.127604766483,87536.27245448701,nan,2,0.0,True,chi-bar² heuristic; k=2
D3,Dataset 3,43,NB,ZIP--ZINB,-33565.32289245364,-29523.127604766483,8084.390575374309,nan,2,0.0,True,chi-bar² heuristic; k=2
D3,Dataset 3,43,P+NB,ZIP--ZINB,-32873.81684868753,-29523.127604766483,6701.378487842092,nan,2,0.0,True,chi-bar² heuristic; k=2
D3,Dataset 3,43,ZIP,ZIP--ZINB,-43251.939112742555,-29523.127604766483,27457.623015952144,nan,1,0.0,True,chi-bar² heuristic; k=1
D3,Dataset 3,43,ZINB,ZIP--ZINB,-30104.757703800853,-29523.127604766483,1163.2601980687396,nan,1,2.944127192621149e-255,True,chi-bar² heuristic; k=1
D3,Dataset 3,43,Z+P+NB,ZIP--ZINB,-29550.48016946135,-29523.127604766483,54.705129389731155,2,0,1.3210890324857558e-12,True,chi²(df=2; shared inflation gamma_z=gamma_nb)
D3,Dataset 3,45,Poisson,ZIP--ZINB,-73927.28002328663,-29188.733068729278,89477.0939091147,nan,2,0.0,True,chi-bar² heuristic; k=2
D3,Dataset 3,45,NB,ZIP--ZINB,-33199.87341009117,-29188.733068729278,8022.28068272378,nan,2,0.0,True,chi-bar² heuristic; k=2
D3,Dataset 3,45,P+NB,ZIP--ZINB,-32532.11847026573,-29188.733068729278,6686.7708030729045,nan,2,0.0,True,chi-bar² heuristic; k=2
D3,Dataset 3,45,ZIP,ZIP--ZINB,-42747.807519289694,-29188.733068729278,27118.148901120832,nan,1,0.0,True,chi-bar² heuristic; k=1
D3,Dataset 3,45,ZINB,ZIP--ZINB,-29736.232997062038,-29188.733068729278,1094.9998566655195,nan,1,2.0165528232439448e-240,True,chi-bar² heuristic; k=1
D3,Dataset 3,45,Z+P+NB,ZIP--ZINB,-29216.00212051915,-29188.733068729278,54.53810357974726,2,0,1.4361548887485248e-12,True,chi²(df=2; shared inflation gamma_z=gamma_nb)
D3,Dataset 3,46,Poisson,ZIP--ZINB,-73749.31519235937,-29156.534889040646,89185.56060663745,nan,2,0.0,True,chi-bar² heuristic; k=2
D3,Dataset 3,46,NB,ZIP--ZINB,-33099.19904303332,-29156.534889040646,7885.328307985343,nan,2,0.0,True,chi-bar² heuristic; k=2
D3,Dataset 3,46,P+NB,ZIP--ZINB,-32456.712838460993,-29156.534889040646,6600.355898840695,nan,2,0.0,True,chi-bar² heuristic; k=2
D3,Dataset 3,46,ZIP,ZIP--ZINB,-42969.689769647135,-29156.534889040646,27626.30976121298,nan,1,0.0,True,chi-bar² heuristic; k=1
D3,Dataset 3,46,ZINB,ZIP--ZINB,-29702.054600358242,-29156.534889040646,1091.0394226351928,nan,1,1.46349856785894e-239,True,chi-bar² heuristic; k=1
D3,Dataset 3,46,Z+P+NB,ZIP--ZINB,-29184.708664621146,-29156.534889040646,56.34755116100132,2,0,5.811453016073902e-13,True,chi²(df=2; shared inflation gamma_z=gamma_nb)
D3,Dataset 3,52,Poisson,ZIP--ZINB,-73200.82156192182,-29431.757026432373,87538.1290709789,nan,2,0.0,True,chi-bar² heuristic; k=2
D3,Dataset 3,52,NB,ZIP--ZINB,-33503.90149096882,-29431.757026432373,8144.288929072893,nan,2,0.0,True,chi-bar² heuristic; k=2
D3,Dataset 3,52,P+NB,ZIP--ZINB,-32800.51337001433,-29431.757026432373,6737.512687163908,nan,2,0.0,True,chi-bar² heuristic; k=2
D3,Dataset 3,52,ZIP,ZIP--ZINB,-42714.0840306342,-29431.757026432373,26564.654008403653,nan,1,0.0,True,chi-bar² heuristic; k=1
D3,Dataset 3,52,ZINB,ZIP--ZINB,-29985.447418906944,-29431.757026432373,1107.3807849491423,nan,1,4.1085458631054187e-243,True,chi-bar² heuristic; k=1
D3,Dataset 3,52,Z+P+NB,ZIP--ZINB,-29451.23875458405,-29431.757026432373,38.96345630335418,2,0,3.460931198136245e-09,True,chi²(df=2; shared inflation gamma_z=gamma_nb)
D3,Dataset 3,48,Poisson,ZIP--ZINB,-72110.06254780361,-29152.944865902195,85914.23536380283,nan,2,0.0,True,chi-bar² heuristic; k=2
D3,Dataset 3,48,NB,ZIP--ZINB,-33145.14133557331,-29152.944865902195,7984.3929393422295,nan,2,0.0,True,chi-bar² heuristic; k=2
D3,Dataset 3,48,P+NB,ZIP--ZINB,-32453.148786889426,-29152.944865902195,6600.407841974462,nan,2,0.0,True,chi-bar² heuristic; k=2
D3,Dataset 3,48,ZIP,ZIP--ZINB,-42150.21719350683,-29152.944865902195,25994.544655209276,nan,1,0.0,True,chi-bar² heuristic; k=1
D3,Dataset 3,48,ZINB,ZIP--ZINB,-29709.111012096353,-29152.944865902195,1112.332292388317,nan,1,3.447584482334801e-244,True,chi-bar² heuristic; k=1
D3,Dataset 3,48,Z+P+NB,ZIP--ZINB,-29175.874066238142,-29152.944865902195,45.85840067189565,2,0,1.1014754442394203e-10,True,chi²(df=2; shared inflation gamma_z=gamma_nb)
D3,Dataset 3,47,Poisson,ZIP--ZINB,-74090.45460229802,-29242.641911131977,89695.62538233209,nan,2,0.0,True,chi-bar² heuristic; k=2
D3,Dataset 3,47,NB,ZIP--ZINB,-33421.04412679424,-29242.641911131977,8356.80443132452,nan,2,0.0,True,chi-bar² heuristic; k=2
D3,Dataset 3,47,P+NB,ZIP--ZINB,-32673.624639158683,-29242.641911131977,6861.965456053411,nan,2,0.0,True,chi-bar² heuristic; k=2
D3,Dataset 3,47,ZIP,ZIP--ZINB,-42770.121877780286,-29242.641911131977,27054.959933296617,nan,1,0.0,True,chi-bar² heuristic; k=1
D3,Dataset 3,47,ZINB,ZIP--ZINB,-29815.81068434898,-29242.641911131977,1146.337546434006,nan,1,1.4022981741240776e-251,True,chi-bar² heuristic; k=1
D3,Dataset 3,47,Z+P+NB,ZIP--ZINB,-29267.357917917274,-29242.641911131977,49.43201357059297,2,0,1.844907678778385e-11,True,chi²(df=2; shared inflation gamma_z=gamma_nb)
D3,Dataset 3,49,Poisson,ZIP--ZINB,-73772.23235408196,-29480.01776186767,88584.42918442859,nan,2,0.0,True,chi-bar² heuristic; k=2
D3,Dataset 3,49,NB,ZIP--ZINB,-33473.97080487834,-29480.01776186767,7987.906086021343,nan,2,0.0,True,chi-bar² heuristic; k=2
D3,Dataset 3,49,P+NB,ZIP--ZINB,-32747.16997572985,-29480.01776186767,6534.304427724353,nan,2,0.0,True,chi-bar² heuristic; k=2
D3,Dataset 3,49,ZIP,ZIP--ZINB,-42907.68067693793,-29480.01776186767,26855.325830140522,nan,1,0.0,True,chi-bar² heuristic; k=1
D3,Dataset 3,49,ZINB,ZIP--ZINB,-30046.11557651352,-29480.01776186767,1132.1956292916948,nan,1,1.6611523613407588e-248,True,chi-bar² heuristic; k=1
D3,Dataset 3,49,Z+P+NB,ZIP--ZINB,-29499.19623148842,-29480.01776186767,38.35693924149382,2,0,4.68701639168127e-09,True,chi²(df=2; shared inflation gamma_z=gamma_nb)
D3,Dataset 3,50,Poisson,ZIP--ZINB,-73050.37812984484,-29139.32200317982,87822.11225333005,nan,2,0.0,True,chi-bar² heuristic; k=2
D3,Dataset 3,50,NB,ZIP--ZINB,-33162.671172456845,-29139.32200317982,8046.698338554052,nan,2,0.0,True,chi-bar² heuristic; k=2
D3,Dataset 3,50,P+NB,ZIP--ZINB,-32486.58387930692,-29139.32200317982,6694.523752254201,nan,2,0.0,True,chi-bar² heuristic; k=2
D3,Dataset 3,50,ZIP,ZIP--ZINB,-42675.921619649205,-29139.32200317982,27073.199232938772,nan,1,0.0,True,chi-bar² heuristic; k=1
D3,Dataset 3,50,ZINB,ZIP--ZINB,-29692.456435514887,-29139.32200317982,1106.2688646701354,nan,1,7.167312073048768e-243,True,chi-bar² heuristic; k=1
D3,Dataset 3,50,Z+P+NB,ZIP--ZINB,-29165.061576719847,-29139.32200317982,51.479147080055554,2,0,6.628957658335831e-12,True,chi²(df=2; shared inflation gamma_z=gamma_nb)
D3,Dataset 3,56,Poisson,ZIP--ZINB,-72824.475936645,-29269.5668694938,87109.8181343024,nan,2,0.0,True,chi-bar² heuristic; k=2
D3,Dataset 3,56,NB,ZIP--ZINB,-33491.27827203747,-29269.5668694938,8443.422805087335,nan,2,0.0,True,chi-bar² heuristic; k=2
D3,Dataset 3,56,P+NB,ZIP--ZINB,-32742.22787607497,-29269.5668694938,6945.322013162338,nan,2,0.0,True,chi-bar² heuristic; k=2
D3,Dataset 3,56,ZIP,ZIP--ZINB,-42456.71930302734,-29269.5668694938,26374.304867067083,nan,1,0.0,True,chi-bar² heuristic; k=1
D3,Dataset 3,56,ZINB,ZIP--ZINB,-29831.618471143942,-29269.5668694938,1124.1032033002848,nan,1,9.532621284402057e-247,True,chi-bar² heuristic; k=1
D3,Dataset 3,56,Z+P+NB,ZIP--ZINB,-29294.012860477473,-29269.5668694938,48.89198196734651,2,0,2.416801663172055e-11,True,chi²(df=2; shared inflation gamma_z=gamma_nb)
D3,Dataset 3,54,Poisson,ZIP--ZINB,-72434.34868124175,-28951.712175593173,86965.27301129716,nan,2,0.0,True,chi-bar² heuristic; k=2
D3,Dataset 3,54,NB,ZIP--ZINB,-33047.216527966615,-28951.712175593173,8191.008704746884,nan,2,0.0,True,chi-bar² heuristic; k=2
D3,Dataset 3,54,P+NB,ZIP--ZINB,-32342.267048624024,-28951.712175593173,6781.109746061702,nan,2,0.0,True,chi-bar² heuristic; k=2
D3,Dataset 3,54,ZIP,ZIP--ZINB,-42339.54694104947,-28951.712175593173,26775.669530912593,nan,1,0.0,True,chi-bar² heuristic; k=1
D3,Dataset 3,54,ZINB,ZIP--ZINB,-29517.344549436282,-28951.712175593173,1131.2647476862185,nan,1,2.6468305334598918e-248,True,chi-bar² heuristic; k=1
D3,Dataset 3,54,Z+P+NB,ZIP--ZINB,-28972.252550808844,-28951.712175593173,41.080750431341585,2,0,1.2006830717154879e-09,True,chi²(df=2; shared inflation gamma_z=gamma_nb)
D3,Dataset 3,58,Poisson,ZIP--ZINB,-72711.63483866616,-29119.170834083303,87184.92800916571,nan,2,0.0,True,chi-bar² heuristic; k=2
D3,Dataset 3,58,NB,ZIP--ZINB,-33119.79948418237,-29119.170834083303,8001.257300198129,nan,2,0.0,True,chi-bar² heuristic; k=2
D3,Dataset 3,58,P+NB,ZIP--ZINB,-32402.66709782419,-29119.170834083303,6566.992527481772,nan,2,0.0,True,chi-bar² heuristic; k=2
D3,Dataset 3,58,ZIP,ZIP--ZINB,-42605.15118731414,-29119.170834083303,26971.96070646168,nan,1,0.0,True,chi-bar² heuristic; k=1
D3,Dataset 3,58,ZINB,ZIP--ZINB,-29667.405732724714,-29119.170834083303,1096.4697972828217,nan,1,9.663295874404779e-241,True,chi-bar² heuristic; k=1
D3,Dataset 3,58,Z+P+NB,ZIP--ZINB,-29125.886713769658,-29119.170834083303,13.431759372710076,2,0,0.0012115197855953046,True,chi²(df=2; shared inflation gamma_z=gamma_nb)
D3,Dataset 3,57,Poisson,ZIP--ZINB,-74606.2734908105,-29133.792894297454,90944.9611930261,nan,2,0.0,True,chi-bar² heuristic; k=2
D3,Dataset 3,57,NB,ZIP--ZINB,-33251.53448938201,-29133.792894297454,8235.483190169107,nan,2,0.0,True,chi-bar² heuristic; k=2
D3,Dataset 3,57,P+NB,ZIP--ZINB,-32510.112826056735,-29133.792894297454,6752.6398635185615,nan,2,0.0,True,chi-bar² heuristic; k=2
D3,Dataset 3,57,ZIP,ZIP--ZINB,-42972.375077737226,-29133.792894297454,27677.164366879544,nan,1,0.0,True,chi-bar² heuristic; k=1
D3,Dataset 3,57,ZINB,ZIP--ZINB,-29726.809599806846,-29133.792894297454,1186.0334110187832,nan,1,3.3083642535069176e-260,True,chi-bar² heuristic; k=1
D3,Dataset 3,57,Z+P+NB,ZIP--ZINB,-29152.81549999923,-29133.792894297454,38.04521140355064,2,0,5.47756212990182e-09,True,chi²(df=2; shared inflation gamma_z=gamma_nb)
D3,Dataset 3,53,Poisson,ZIP--ZINB,-74458.92940056405,-28720.203008743803,91477.4527836405,nan,2,0.0,True,chi-bar² heuristic; k=2
D3,Dataset 3,53,NB,ZIP--ZINB,-32934.45651706172,-28720.203008743803,8428.507016635835,nan,2,0.0,True,chi-bar² heuristic; k=2
D3,Dataset 3,53,P+NB,ZIP--ZINB,-32182.034220750676,-28720.203008743803,6923.662424013746,nan,2,0.0,True,chi-bar² heuristic; k=2
D3,Dataset 3,53,ZIP,ZIP--ZINB,-42625.054784421416,-28720.203008743803,27809.703551355225,nan,1,0.0,True,chi-bar² heuristic; k=1
D3,Dataset 3,53,ZINB,ZIP--ZINB,-29299.227220629487,-28720.203008743803,1158.048423771368,nan,1,3.996247513320519e-254,True,chi-bar² heuristic; k=1
D3,Dataset 3,53,Z+P+NB,ZIP--ZINB,-28738.4184183897,-28720.203008743803,36.43081929179607,2,0,1.2278578897319677e-08,True,chi²(df=2; shared inflation gamma_z=gamma_nb)
D3,Dataset 3,55,Poisson,ZIP--ZINB,-73271.86483379497,-29379.129157724976,87785.47135213998,nan,2,0.0,True,chi-bar² heuristic; k=2
D3,Dataset 3,55,NB,ZIP--ZINB,-33212.03188334348,-29379.129157724976,7665.805451237007,nan,2,0.0,True,chi-bar² heuristic; k=2
D3,Dataset 3,55,P+NB,ZIP--ZINB,-32569.409315160607,-29379.129157724976,6380.560314871262,nan,2,0.0,True,chi-bar² heuristic; k=2
D3,Dataset 3,55,ZIP,ZIP--ZINB,-43352.85331681096,-29379.129157724976,27947.448318171962,nan,1,0.0,True,chi-bar² heuristic; k=1
D3,Dataset 3,55,ZINB,ZIP--ZINB,-29927.831591060272,-29379.129157724976,1097.404866670593,nan,1,6.051914324707455e-241,True,chi-bar² heuristic; k=1
D3,Dataset 3,55,Z+P+NB,ZIP--ZINB,-29396.010270757128,-29379.129157724976,33.76222606430383,2,0,4.662574259438632e-08,True,chi²(df=2; shared inflation gamma_z=gamma_nb)
D3,Dataset 3,51,Poisson,ZIP--ZINB,-72872.01595901823,-29160.908200575435,87422.2155168856,nan,2,0.0,True,chi-bar² heuristic; k=2
D3,Dataset 3,51,NB,ZIP--ZINB,-33091.72357002452,-29160.908200575435,7861.630738898173,nan,2,0.0,True,chi-bar² heuristic; k=2
D3,Dataset 3,51,P+NB,ZIP--ZINB,-32357.284571796154,-29160.908200575435,6392.752742441437,nan,2,0.0,True,chi-bar² heuristic; k=2
D3,Dataset 3,51,ZIP,ZIP--ZINB,-42579.94057079723,-29160.908200575435,26838.064740443595,nan,1,0.0,True,chi-bar² heuristic; k=1
D3,Dataset 3,51,ZINB,ZIP--ZINB,-29778.559794962093,-29160.908200575435,1235.303188773316,nan,1,6.486243421611234e-271,True,chi-bar² heuristic; k=1
D3,Dataset 3,51,Z+P+NB,ZIP--ZINB,-29184.74635428716,-29160.908200575435,47.676307423447724,2,0,4.43834833764541e-11,True,chi²(df=2; shared inflation gamma_z=gamma_nb)
D3,Dataset 3,59,Poisson,ZIP--ZINB,-76222.36190791348,-29350.491631585683,93743.7405526556,nan,2,0.0,True,chi-bar² heuristic; k=2
D3,Dataset 3,59,NB,ZIP--ZINB,-33300.424965417544,-29350.491631585683,7899.866667663722,nan,2,0.0,True,chi-bar² heuristic; k=2
D3,Dataset 3,59,P+NB,ZIP--ZINB,-32631.980463528947,-29350.491631585683,6562.97766388653,nan,2,0.0,True,chi-bar² heuristic; k=2
D3,Dataset 3,59,ZIP,ZIP--ZINB,-44320.64552630437,-29350.491631585683,29940.30778943737,nan,1,0.0,True,chi-bar² heuristic; k=1
D3,Dataset 3,59,ZINB,ZIP--ZINB,-29928.10922742443,-29350.491631585683,1155.2351916774933,nan,1,1.6332971784573858e-253,True,chi-bar² heuristic; k=1
D3,Dataset 3,59,Z+P+NB,ZIP--ZINB,-29385.616611077632,-29350.491631585683,70.24995898389898,2,0,5.564360124272314e-16,True,chi²(df=2; shared inflation gamma_z=gamma_nb)
D3,Dataset 3,60,Poisson,ZIP--ZINB,-73930.54288493043,-29152.55762452972,89555.97052080142,nan,2,0.0,True,chi-bar² heuristic; k=2
D3,Dataset 3,60,NB,ZIP--ZINB,-33301.48202990388,-29152.55762452972,8297.848810748314,nan,2,0.0,True,chi-bar² heuristic; k=2
D3,Dataset 3,60,P+NB,ZIP--ZINB,-32582.288262599093,-29152.55762452972,6859.461276138747,nan,2,0.0,True,chi-bar² heuristic; k=2
D3,Dataset 3,60,ZIP,ZIP--ZINB,-42691.2617278394,-29152.55762452972,27077.408206619366,nan,1,0.0,True,chi-bar² heuristic; k=1
D3,Dataset 3,60,ZINB,ZIP--ZINB,-29705.281863160897,-29152.55762452972,1105.4484772623546,nan,1,1.0805925736607e-242,True,chi-bar² heuristic; k=1
D3,Dataset 3,60,Z+P+NB,ZIP--ZINB,-29165.920825730424,-29152.55762452972,26.72640240140754,2,0,1.5719381638507108e-06,True,chi²(df=2; shared inflation gamma_z=gamma_nb)
D3,Dataset 3,63,Poisson,ZIP--ZINB,-74378.91868142289,-29583.00537746848,89591.82660790882,nan,2,0.0,True,chi-bar² heuristic; k=2
D3,Dataset 3,63,NB,ZIP--ZINB,-33764.313927655465,-29583.00537746848,8362.617100373973,nan,2,0.0,True,chi-bar² heuristic; k=2
D3,Dataset 3,63,P+NB,ZIP--ZINB,-33002.353688583404,-29583.00537746848,6838.696622229851,nan,2,0.0,True,chi-bar² heuristic; k=2
D3,Dataset 3,63,ZIP,ZIP--ZINB,-43541.769618289276,-29583.00537746848,27917.528481641595,nan,1,0.0,True,chi-bar² heuristic; k=1
D3,Dataset 3,63,ZINB,ZIP--ZINB,-30133.28943660295,-29583.00537746848,1100.568118268944,nan,1,1.2427321203700796e-241,True,chi-bar² heuristic; k=1
D3,Dataset 3,63,Z+P+NB,ZIP--ZINB,-29596.240748450866,-29583.00537746848,26.47074196477479,2,0,1.7862877354923953e-06,True,chi²(df=2; shared inflation gamma_z=gamma_nb)
D3,Dataset 3,62,Poisson,ZIP--ZINB,-73282.75236317364,-29326.213653317674,87913.07741971193,nan,2,0.0,True,chi-bar² heuristic; k=2
D3,Dataset 3,62,NB,ZIP--ZINB,-33463.357964810435,-29326.213653317674,8274.288622985521,nan,2,0.0,True,chi-bar² heuristic; k=2
D3,Dataset 3,62,P+NB,ZIP--ZINB,-32685.887947898405,-29326.213653317674,6719.348589161462,nan,2,0.0,True,chi-bar² heuristic; k=2
D3,Dataset 3,62,ZIP,ZIP--ZINB,-42814.50806982901,-29326.213653317674,26976.588833022673,nan,1,0.0,True,chi-bar² heuristic; k=1
D3,Dataset 3,62,ZINB,ZIP--ZINB,-29901.548979398976,-29326.213653317674,1150.6706521626038,nan,1,1.603616719748777e-252,True,chi-bar² heuristic; k=1
D3,Dataset 3,62,Z+P+NB,ZIP--ZINB,-29340.101007265086,-29326.213653317674,27.774707894823223,2,0,9.30676638181168e-07,True,chi²(df=2; shared inflation gamma_z=gamma_nb)
D3,Dataset 3,64,Poisson,ZIP--ZINB,-75909.26034905491,-29733.61121702519,92351.29826405944,nan,2,0.0,True,chi-bar² heuristic; k=2
D3,Dataset 3,64,NB,ZIP--ZINB,-33784.296835763686,-29733.61121702519,8101.371237476989,nan,2,0.0,True,chi-bar² heuristic; k=2
D3,Dataset 3,64,P+NB,ZIP--ZINB,-32985.80892544341,-29733.61121702519,6504.395416836436,nan,2,0.0,True,chi-bar² heuristic; k=2
D3,Dataset 3,64,ZIP,ZIP--ZINB,-44636.463844199425,-29733.61121702519,29805.705254348468,nan,1,0.0,True,chi-bar² heuristic; k=1
D3,Dataset 3,64,ZINB,ZIP--ZINB,-30376.6985788047,-29733.61121702519,1286.1747235590155,nan,1,5.709925846762189e-282,True,chi-bar² heuristic; k=1
D3,Dataset 3,64,Z+P+NB,ZIP--ZINB,-29752.79581625372,-29733.61121702519,38.36919845706143,2,0,4.658374690398892e-09,True,chi²(df=2; shared inflation gamma_z=gamma_nb)
D3,Dataset 3,65,Poisson,ZIP--ZINB,-72531.7315823398,-28880.306637129455,87302.84989042068,nan,2,0.0,True,chi-bar² heuristic; k=2
D3,Dataset 3,65,NB,ZIP--ZINB,-33053.54381926774,-28880.306637129455,8346.474364276568,nan,2,0.0,True,chi-bar² heuristic; k=2
D3,Dataset 3,65,P+NB,ZIP--ZINB,-32344.363626736587,-28880.306637129455,6928.113979214264,nan,2,0.0,True,chi-bar² heuristic; k=2
D3,Dataset 3,65,ZIP,ZIP--ZINB,-42012.095802659824,-28880.306637129455,26263.578331060737,nan,1,0.0,True,chi-bar² heuristic; k=1
D3,Dataset 3,65,ZINB,ZIP--ZINB,-29454.7094128501,-28880.306637129455,1148.8055514412918,nan,1,4.078060803599608e-252,True,chi-bar² heuristic; k=1
D3,Dataset 3,65,Z+P+NB,ZIP--ZINB,-28907.05615012269,-28880.306637129455,53.49902598647168,2,0,2.414538382069307e-12,True,chi²(df=2; shared inflation gamma_z=gamma_nb)
D3,Dataset 3,67,Poisson,ZIP--ZINB,-71455.15089524152,-29149.87213274418,84610.55752499467,nan,2,0.0,True,chi-bar² heuristic; k=2
D3,Dataset 3,67,NB,ZIP--ZINB,-33120.193273811725,-29149.87213274418,7940.642282135086,nan,2,0.0,True,chi-bar² heuristic; k=2
D3,Dataset 3,67,P+NB,ZIP--ZINB,-32436.97194436411,-29149.87213274418,6574.19962323986,nan,2,0.0,True,chi-bar² heuristic; k=2
D3,Dataset 3,67,ZIP,ZIP--ZINB,-41878.78524856822,-29149.87213274418,25457.826231648083,nan,1,0.0,True,chi-bar² heuristic; k=1
D3,Dataset 3,67,ZINB,ZIP--ZINB,-29699.20965852171,-29149.87213274418,1098.6750515550593,nan,1,3.204976821484258e-241,True,chi-bar² heuristic; k=1
D3,Dataset 3,67,Z+P+NB,ZIP--ZINB,-29183.279192508635,-29149.87213274418,66.8141195289063,2,0,3.1009751621414014e-15,True,chi²(df=2; shared inflation gamma_z=gamma_nb)
D3,Dataset 3,72,Poisson,ZIP--ZINB,-75847.47764717505,-29235.819574094912,93223.31614616027,nan,2,0.0,True,chi-bar² heuristic; k=2
D3,Dataset 3,72,NB,ZIP--ZINB,-33521.32564733205,-29235.819574094912,8571.012146474277,nan,2,0.0,True,chi-bar² heuristic; k=2
D3,Dataset 3,72,P+NB,ZIP--ZINB,-32705.59086087905,-29235.819574094912,6939.542573568273,nan,2,0.0,True,chi-bar² heuristic; k=2
D3,Dataset 3,72,ZIP,ZIP--ZINB,-43814.32533265243,-29235.819574094912,29157.011517115032,nan,1,0.0,True,chi-bar² heuristic; k=1
D3,Dataset 3,72,ZINB,ZIP--ZINB,-29857.560047502295,-29235.819574094912,1243.480946814765,nan,1,1.0833908512410414e-272,True,chi-bar² heuristic; k=1
D3,Dataset 3,72,Z+P+NB,ZIP--ZINB,-29267.701877667132,-29235.819574094912,63.76460714443965,2,0,1.4245952377620492e-14,True,chi²(df=2; shared inflation gamma_z=gamma_nb)
D3,Dataset 3,66,Poisson,ZIP--ZINB,-72751.40587018018,-29237.17902617596,87028.45368800845,nan,2,0.0,True,chi-bar² heuristic; k=2
D3,Dataset 3,66,NB,ZIP--ZINB,-33120.056641859344,-29237.17902617596,7765.755231366769,nan,2,0.0,True,chi-bar² heuristic; k=2
D3,Dataset 3,66,P+NB,ZIP--ZINB,-32487.026834712542,-29237.17902617596,6499.695617073165,nan,2,0.0,True,chi-bar² heuristic; k=2
D3,Dataset 3,66,ZIP,ZIP--ZINB,-42506.17323931679,-29237.17902617596,26537.988426281663,nan,1,0.0,True,chi-bar² heuristic; k=1
D3,Dataset 3,66,ZINB,ZIP--ZINB,-29728.009370977852,-29237.17902617596,981.6606896037847,nan,1,8.701172543346623e-216,True,chi-bar² heuristic; k=1
D3,Dataset 3,66,Z+P+NB,ZIP--ZINB,-29257.23415195731,-29237.17902617596,40.11025156269898,2,0,1.9506059260120614e-09,True,chi²(df=2; shared inflation gamma_z=gamma_nb)
D3,Dataset 3,69,Poisson,ZIP--ZINB,-72441.71551413006,-28950.351125702553,86982.72877685502,nan,2,0.0,True,chi-bar² heuristic; k=2
D3,Dataset 3,69,NB,ZIP--ZINB,-33035.71266835625,-28950.351125702553,8170.7230853074,nan,2,0.0,True,chi-bar² heuristic; k=2
D3,Dataset 3,69,P+NB,ZIP--ZINB,-32332.737060099236,-28950.351125702553,6764.771868793367,nan,2,0.0,True,chi-bar² heuristic; k=2
D3,Dataset 3,69,ZIP,ZIP--ZINB,-42294.44897994448,-28950.351125702553,26688.19570848385,nan,1,0.0,True,chi-bar² heuristic; k=1
D3,Dataset 3,69,ZINB,ZIP--ZINB,-29512.6804613203,-28950.351125702553,1124.658671235491,nan,1,7.219164277606209e-247,True,chi-bar² heuristic; k=1
D3,Dataset 3,69,Z+P+NB,ZIP--ZINB,-28974.05614536479,-28950.351125702553,47.41003932447347,2,0,5.0703830179570007e-11,True,chi²(df=2; shared inflation gamma_z=gamma_nb)
D3,Dataset 3,61,Poisson,ZIP--ZINB,-75217.14992286998,-29560.61413174642,91313.07158224712,nan,2,0.0,True,chi-bar² heuristic; k=2
D3,Dataset 3,61,NB,ZIP--ZINB,-33609.24007823106,-29560.61413174642,8097.251892969274,nan,2,0.0,True,chi-bar² heuristic; k=2
D3,Dataset 3,61,P+NB,ZIP--ZINB,-32828.849595575106,-29560.61413174642,6536.47092765737,nan,2,0.0,True,chi-bar² heuristic; k=2
D3,Dataset 3,61,ZIP,ZIP--ZINB,-43882.72955738283,-29560.61413174642,28644.23085127282,nan,1,0.0,True,chi-bar² heuristic; k=1
D3,Dataset 3,61,ZINB,ZIP--ZINB,-30168.404779556025,-29560.61413174642,1215.5812956192094,nan,1,1.2532480108922056e-266,True,chi-bar² heuristic; k=1
D3,Dataset 3,61,Z+P+NB,ZIP--ZINB,-29576.083509938013,-29560.61413174642,30.938756383184227,2,0,1.9130856448382754e-07,True,chi²(df=2; shared inflation gamma_z=gamma_nb)
D3,Dataset 3,73,Poisson,ZIP--ZINB,-75444.6814384466,-29136.95789358994,92615.44708971331,nan,2,0.0,True,chi-bar² heuristic; k=2
D3,Dataset 3,73,NB,ZIP--ZINB,-33401.657750919025,-29136.95789358994,8529.399714658168,nan,2,0.0,True,chi-bar² heuristic; k=2
D3,Dataset 3,73,P+NB,ZIP--ZINB,-32612.04733946085,-29136.95789358994,6950.178891741816,nan,2,0.0,True,chi-bar² heuristic; k=2
D3,Dataset 3,73,ZIP,ZIP--ZINB,-43388.93573095838,-29136.95789358994,28503.955674736877,nan,1,0.0,True,chi-bar² heuristic; k=1
D3,Dataset 3,73,ZINB,ZIP--ZINB,-29732.827585031715,-29136.95789358994,1191.7393828835484,nan,1,1.9034296677542165e-261,True,chi-bar² heuristic; k=1
D3,Dataset 3,73,Z+P+NB,ZIP--ZINB,-29155.704276077013,-29136.95789358994,37.49276497414394,2,0,7.220205029032379e-09,True,chi²(df=2; shared inflation gamma_z=gamma_nb)
D3,Dataset 3,71,Poisson,ZIP--ZINB,-73167.19918110492,-29460.56632188018,87413.26571844949,nan,2,0.0,True,chi-bar² heuristic; k=2
D3,Dataset 3,71,NB,ZIP--ZINB,-33420.09517679863,-29460.56632188018,7919.05770983691,nan,2,0.0,True,chi-bar² heuristic; k=2
D3,Dataset 3,71,P+NB,ZIP--ZINB,-32708.385494284325,-29460.56632188018,6495.6383448082925,nan,2,0.0,True,chi-bar² heuristic; k=2
D3,Dataset 3,71,ZIP,ZIP--ZINB,-42740.831756119136,-29460.56632188018,26560.530868477916,nan,1,0.0,True,chi-bar² heuristic; k=1
D3,Dataset 3,71,ZINB,ZIP--ZINB,-30004.38188497544,-29460.56632188018,1087.6311261905212,nan,1,8.05698652104855e-239,True,chi-bar² heuristic; k=1
D3,Dataset 3,71,Z+P+NB,ZIP--ZINB,-29478.370118354884,-29460.56632188018,35.6075929494109,2,0,1.8531451362452635e-08,True,chi²(df=2; shared inflation gamma_z=gamma_nb)
D3,Dataset 3,70,Poisson,ZIP--ZINB,-73476.33971331769,-29009.67503438595,88933.32935786349,nan,2,0.0,True,chi-bar² heuristic; k=2
D3,Dataset 3,70,NB,ZIP--ZINB,-33112.02608232111,-29009.67503438595,8204.702095870314,nan,2,0.0,True,chi-bar² heuristic; k=2
D3,Dataset 3,70,P+NB,ZIP--ZINB,-32336.546742592756,-29009.67503438595,6653.743416413614,nan,2,0.0,True,chi-bar² heuristic; k=2
D3,Dataset 3,70,ZIP,ZIP--ZINB,-42529.18141858662,-29009.67503438595,27039.012768401335,nan,1,0.0,True,chi-bar² heuristic; k=1
D3,Dataset 3,70,ZINB,ZIP--ZINB,-29615.250910976294,-29009.67503438595,1211.1517531806894,nan,1,1.149982854228957e-265,True,chi-bar² heuristic; k=1
D3,Dataset 3,70,Z+P+NB,ZIP--ZINB,-29032.609468369545,-29009.67503438595,45.868867967190454,2,0,1.095725768883597e-10,True,chi²(df=2; shared inflation gamma_z=gamma_nb)
D3,Dataset 3,68,Poisson,ZIP--ZINB,-73267.18648938458,-29154.560187720832,88225.25260332749,nan,2,0.0,True,chi-bar² heuristic; k=2
D3,Dataset 3,68,NB,ZIP--ZINB,-33142.96591552646,-29154.560187720832,7976.811455611256,nan,2,0.0,True,chi-bar² heuristic; k=2
D3,Dataset 3,68,P+NB,ZIP--ZINB,-32447.77618859065,-29154.560187720832,6586.4320017396385,nan,2,0.0,True,chi-bar² heuristic; k=2
D3,Dataset 3,68,ZIP,ZIP--ZINB,-42647.45584119129,-29154.560187720832,26985.79130694091,nan,1,0.0,True,chi-bar² heuristic; k=1
D3,Dataset 3,68,ZINB,ZIP--ZINB,-29725.109537102544,-29154.560187720832,1141.0986987634242,nan,1,1.9294547940436875e-250,True,chi-bar² heuristic; k=1
D3,Dataset 3,68,Z+P+NB,ZIP--ZINB,-29172.029696787362,-29154.560187720832,34.93901813306002,2,0,2.588741052505116e-08,True,chi²(df=2; shared inflation gamma_z=gamma_nb)
D3,Dataset 3,74,Poisson,ZIP--ZINB,-74696.24612582262,-29294.797070704277,90802.8981102367,nan,2,0.0,True,chi-bar² heuristic; k=2
D3,Dataset 3,74,NB,ZIP--ZINB,-33474.509149164965,-29294.797070704277,8359.424156921377,nan,2,0.0,True,chi-bar² heuristic; k=2
D3,Dataset 3,74,P+NB,ZIP--ZINB,-32714.39139444895,-29294.797070704277,6839.188647489347,nan,2,0.0,True,chi-bar² heuristic; k=2
D3,Dataset 3,74,ZIP,ZIP--ZINB,-43206.13469296844,-29294.797070704277,27822.67524452832,nan,1,0.0,True,chi-bar² heuristic; k=1
D3,Dataset 3,74,ZINB,ZIP--ZINB,-29895.877345817506,-29294.797070704277,1202.1605502264574,nan,1,1.0344789401333694e-263,True,chi-bar² heuristic; k=1
D3,Dataset 3,74,Z+P+NB,ZIP--ZINB,-29310.01670254918,-29294.797070704277,30.439263689804648,2,0,2.455827584466043e-07,True,chi²(df=2; shared inflation gamma_z=gamma_nb)
D3,Dataset 3,77,Poisson,ZIP--ZINB,-75223.37599020221,-28905.45906937648,92635.83384165147,nan,2,0.0,True,chi-bar² heuristic; k=2
D3,Dataset 3,77,NB,ZIP--ZINB,-32949.42468631466,-28905.45906937648,8087.931233876363,nan,2,0.0,True,chi-bar² heuristic; k=2
D3,Dataset 3,77,P+NB,ZIP--ZINB,-32205.505355184498,-28905.45906937648,6600.092571616035,nan,2,0.0,True,chi-bar² heuristic; k=2
D3,Dataset 3,77,ZIP,ZIP--ZINB,-43116.34907813344,-28905.45906937648,28421.78001751392,nan,1,0.0,True,chi-bar² heuristic; k=1
D3,Dataset 3,77,ZINB,ZIP--ZINB,-29469.725032639515,-28905.45906937648,1128.5319265260696,nan,1,1.0391422126303584e-247,True,chi-bar² heuristic; k=1
D3,Dataset 3,77,Z+P+NB,ZIP--ZINB,-28912.256026891446,-28905.45906937648,13.59391502993094,2,0,0.0011171689522455459,True,chi²(df=2; shared inflation gamma_z=gamma_nb)
D3,Dataset 3,75,Poisson,ZIP--ZINB,-73881.04658028987,-29181.838428236588,89398.41630410656,nan,2,0.0,True,chi-bar² heuristic; k=2
D3,Dataset 3,75,NB,ZIP--ZINB,-33319.804714750615,-29181.838428236588,8275.932573028054,nan,2,0.0,True,chi-bar² heuristic; k=2
D3,Dataset 3,75,P+NB,ZIP--ZINB,-32619.04087828265,-29181.838428236588,6874.404900092122,nan,2,0.0,True,chi-bar² heuristic; k=2
D3,Dataset 3,75,ZIP,ZIP--ZINB,-42568.041321253,-29181.838428236588,26772.405786032818,nan,1,0.0,True,chi-bar² heuristic; k=1
D3,Dataset 3,75,ZINB,ZIP--ZINB,-29710.685951378677,-29181.838428236588,1057.6950462841778,nan,1,2.5867777886955314e-232,True,chi-bar² heuristic; k=1
D3,Dataset 3,75,Z+P+NB,ZIP--ZINB,-29215.08224142621,-29181.838428236588,66.48762637924665,2,0,3.650861639264973e-15,True,chi²(df=2; shared inflation gamma_z=gamma_nb)
D3,Dataset 3,76,Poisson,ZIP--ZINB,-74073.10489531478,-29306.713367737335,89532.7830551549,nan,2,0.0,True,chi-bar² heuristic; k=2
D3,Dataset 3,76,NB,ZIP--ZINB,-33361.11030686302,-29306.713367737335,8108.793878251367,nan,2,0.0,True,chi-bar² heuristic; k=2
D3,Dataset 3,76,P+NB,ZIP--ZINB,-32646.34388991235,-29306.713367737335,6679.261044350031,nan,2,0.0,True,chi-bar² heuristic; k=2
D3,Dataset 3,76,ZIP,ZIP--ZINB,-42943.34833623264,-29306.713367737335,27273.269936990604,nan,1,0.0,True,chi-bar² heuristic; k=1
D3,Dataset 3,76,ZINB,ZIP--ZINB,-29868.6285619343,-29306.713367737335,1123.8303883939298,nan,1,1.0927126164309397e-246,True,chi-bar² heuristic; k=1
D3,Dataset 3,76,Z+P+NB,ZIP--ZINB,-29323.79779077506,-29306.713367737335,34.168846075452166,2,0,3.804778231705527e-08,True,chi²(df=2; shared inflation gamma_z=gamma_nb)
D3,Dataset 3,78,Poisson,ZIP--ZINB,-72155.61636851678,-29196.876489587616,85917.47975785834,nan,2,0.0,True,chi-bar² heuristic; k=2
D3,Dataset 3,78,NB,ZIP--ZINB,-33284.83759743091,-29196.876489587616,8175.922215686587,nan,2,0.0,True,chi-bar² heuristic; k=2
D3,Dataset 3,78,P+NB,ZIP--ZINB,-32572.542098774415,-29196.876489587616,6751.331218373598,nan,2,0.0,True,chi-bar² heuristic; k=2
D3,Dataset 3,78,ZIP,ZIP--ZINB,-41766.87006706793,-29196.876489587616,25139.987154960632,nan,1,0.0,True,chi-bar² heuristic; k=1
D3,Dataset 3,78,ZINB,ZIP--ZINB,-29720.108538277167,-29196.876489587616,1046.464097379103,nan,1,7.142370486542638e-230,True,chi-bar² heuristic; k=1
D3,Dataset 3,78,Z+P+NB,ZIP--ZINB,-29209.557645201894,-29196.876489587616,25.36231122855679,2,0,3.109167307903789e-06,True,chi²(df=2; shared inflation gamma_z=gamma_nb)
D3,Dataset 3,79,Poisson,ZIP--ZINB,-74101.2311363826,-29256.529086878825,89689.40409900754,nan,2,0.0,True,chi-bar² heuristic; k=2
D3,Dataset 3,79,NB,ZIP--ZINB,-33276.61845502035,-29256.529086878825,8040.178736283044,nan,2,0.0,True,chi-bar² heuristic; k=2
D3,Dataset 3,79,P+NB,ZIP--ZINB,-32573.51054842771,-29256.529086878825,6633.962923097766,nan,2,0.0,True,chi-bar² heuristic; k=2
D3,Dataset 3,79,ZIP,ZIP--ZINB,-42464.94092870862,-29256.529086878825,26416.823683659582,nan,1,0.0,True,chi-bar² heuristic; k=1
D3,Dataset 3,79,ZINB,ZIP--ZINB,-29781.52183653737,-29256.529086878825,1049.9854993170884,nan,1,1.225890162523721e-230,True,chi-bar² heuristic; k=1
D3,Dataset 3,79,Z+P+NB,ZIP--ZINB,-29274.439464692943,-29256.529086878825,35.82075562823593,2,0,1.6657957377484755e-08,True,chi²(df=2; shared inflation gamma_z=gamma_nb)
D3,Dataset 3,83,Poisson,ZIP--ZINB,-76843.52489360257,-29514.357492956966,94658.33480129122,nan,2,0.0,True,chi-bar² heuristic; k=2
D3,Dataset 3,83,NB,ZIP--ZINB,-33826.38802557122,-29514.357492956966,8624.06106522851,nan,2,0.0,True,chi-bar² heuristic; k=2
D3,Dataset 3,83,P+NB,ZIP--ZINB,-32998.40033703622,-29514.357492956966,6968.085688158506,nan,2,0.0,True,chi-bar² heuristic; k=2
D3,Dataset 3,83,ZIP,ZIP--ZINB,-44407.02570349114,-29514.357492956966,29785.33642106835,nan,1,0.0,True,chi-bar² heuristic; k=1
D3,Dataset 3,83,ZINB,ZIP--ZINB,-30131.10316057397,-29514.357492956966,1233.4913352340081,nan,1,1.6060181745370867e-270,True,chi-bar² heuristic; k=1
D3,Dataset 3,83,Z+P+NB,ZIP--ZINB,-29541.32711860787,-29514.357492956966,53.939251301810145,2,0,1.937494154141405e-12,True,chi²(df=2; shared inflation gamma_z=gamma_nb)
D3,Dataset 3,80,Poisson,ZIP--ZINB,-73776.67438361539,-29291.076758312836,88971.19525060512,nan,2,0.0,True,chi-bar² heuristic; k=2
D3,Dataset 3,80,NB,ZIP--ZINB,-33402.766227492015,-29291.076758312836,8223.378938358357,nan,2,0.0,True,chi-bar² heuristic; k=2
D3,Dataset 3,80,P+NB,ZIP--ZINB,-32658.356641288818,-29291.076758312836,6734.559765951963,nan,2,0.0,True,chi-bar² heuristic; k=2
D3,Dataset 3,80,ZIP,ZIP--ZINB,-43063.15101337102,-29291.076758312836,27544.148510116363,nan,1,0.0,True,chi-bar² heuristic; k=1
D3,Dataset 3,80,ZINB,ZIP--ZINB,-29868.38046596339,-29291.076758312836,1154.6074153011068,nan,1,2.2361603896221208e-253,True,chi-bar² heuristic; k=1
D3,Dataset 3,80,Z+P+NB,ZIP--ZINB,-29313.02877814259,-29291.076758312836,43.90403965950827,2,0,2.9265700332623787e-10,True,chi²(df=2; shared inflation gamma_z=gamma_nb)
D3,Dataset 3,81,Poisson,ZIP--ZINB,-72129.94492138302,-29160.259137610556,85939.37156754493,nan,2,0.0,True,chi-bar² heuristic; k=2
D3,Dataset 3,81,NB,ZIP--ZINB,-33081.577368846934,-29160.259137610556,7842.636462472758,nan,2,0.0,True,chi-bar² heuristic; k=2
D3,Dataset 3,81,P+NB,ZIP--ZINB,-32437.3406252427,-29160.259137610556,6554.162975264291,nan,2,0.0,True,chi-bar² heuristic; k=2
D3,Dataset 3,81,ZIP,ZIP--ZINB,-42212.439087476574,-29160.259137610556,26104.359899732037,nan,1,0.0,True,chi-bar² heuristic; k=1
D3,Dataset 3,81,ZINB,ZIP--ZINB,-29674.29127499497,-29160.259137610556,1028.0642747688253,nan,1,7.131119731811962e-226,True,chi-bar² heuristic; k=1
D3,Dataset 3,81,Z+P+NB,ZIP--ZINB,-29181.407480997324,-29160.259137610556,42.29668677353766,2,0,6.537190873649347e-10,True,chi²(df=2; shared inflation gamma_z=gamma_nb)
D3,Dataset 3,82,Poisson,ZIP--ZINB,-74165.57471965533,-29401.980964894337,89527.18750952199,nan,2,0.0,True,chi-bar² heuristic; k=2
D3,Dataset 3,82,NB,ZIP--ZINB,-33417.42258936706,-29401.980964894337,8030.8832489454435,nan,2,0.0,True,chi-bar² heuristic; k=2
D3,Dataset 3,82,P+NB,ZIP--ZINB,-32727.469863416514,-29401.980964894337,6650.977797044354,nan,2,0.0,True,chi-bar² heuristic; k=2
D3,Dataset 3,82,ZIP,ZIP--ZINB,-43272.813339137574,-29401.980964894337,27741.664748486473,nan,1,0.0,True,chi-bar² heuristic; k=1
D3,Dataset 3,82,ZINB,ZIP--ZINB,-29974.77917683372,-29401.980964894337,1145.5964238787637,nan,1,2.031951214142626e-251,True,chi-bar² heuristic; k=1
D3,Dataset 3,82,Z+P+NB,ZIP--ZINB,-29427.185221189808,-29401.980964894337,50.40851259094052,2,0,1.1322193436254165e-11,True,chi²(df=2; shared inflation gamma_z=gamma_nb)
D3,Dataset 3,84,Poisson,ZIP--ZINB,-71921.1402738268,-28863.927668521137,86114.42521061131,nan,2,0.0,True,chi-bar² heuristic; k=2
D3,Dataset 3,84,NB,ZIP--ZINB,-33065.06176628555,-28863.927668521137,8402.268195528828,nan,2,0.0,True,chi-bar² heuristic; k=2
D3,Dataset 3,84,P+NB,ZIP--ZINB,-32345.58192433192,-28863.927668521137,6963.308511621566,nan,2,0.0,True,chi-bar² heuristic; k=2
D3,Dataset 3,84,ZIP,ZIP--ZINB,-41620.58806094196,-28863.927668521137,25513.32078484165,nan,1,0.0,True,chi-bar² heuristic; k=1
D3,Dataset 3,84,ZINB,ZIP--ZINB,-29394.382763172543,-28863.927668521137,1060.9101893028128,nan,1,5.175375325321639e-233,True,chi-bar² heuristic; k=1
D3,Dataset 3,84,Z+P+NB,ZIP--ZINB,-28877.958843798286,-28863.927668521137,28.062350554297154,2,0,8.060054947554414e-07,True,chi²(df=2; shared inflation gamma_z=gamma_nb)
D3,Dataset 3,86,Poisson,ZIP--ZINB,-73651.87483205964,-29446.656959371365,88410.43574537654,nan,2,0.0,True,chi-bar² heuristic; k=2
D3,Dataset 3,86,NB,ZIP--ZINB,-33710.62296342664,-29446.656959371365,8527.932008110554,nan,2,0.0,True,chi-bar² heuristic; k=2
D3,Dataset 3,86,P+NB,ZIP--ZINB,-32932.60628977468,-29446.656959371365,6971.898660806633,nan,2,0.0,True,chi-bar² heuristic; k=2
D3,Dataset 3,86,ZIP,ZIP--ZINB,-42740.34042674184,-29446.656959371365,26587.366934740945,nan,1,0.0,True,chi-bar² heuristic; k=1
D3,Dataset 3,86,ZINB,ZIP--ZINB,-30031.204757225692,-29446.656959371365,1169.0955957086553,nan,1,1.5875643897886457e-256,True,chi-bar² heuristic; k=1
D3,Dataset 3,86,Z+P+NB,ZIP--ZINB,-29466.555438637304,-29446.656959371365,39.79695853187877,2,0,2.281393797783813e-09,True,chi²(df=2; shared inflation gamma_z=gamma_nb)
D3,Dataset 3,89,Poisson,ZIP--ZINB,-73504.48694131535,-29257.425705962734,88494.12247070523,nan,2,0.0,True,chi-bar² heuristic; k=2
D3,Dataset 3,89,NB,ZIP--ZINB,-33592.29685893701,-29257.425705962734,8669.742305948545,nan,2,0.0,True,chi-bar² heuristic; k=2
D3,Dataset 3,89,P+NB,ZIP--ZINB,-32806.494146158264,-29257.425705962734,7098.136880391059,nan,2,0.0,True,chi-bar² heuristic; k=2
D3,Dataset 3,89,ZIP,ZIP--ZINB,-42994.92472774343,-29257.425705962734,27474.998043561398,nan,1,0.0,True,chi-bar² heuristic; k=1
D3,Dataset 3,89,ZINB,ZIP--ZINB,-29852.401107243597,-29257.425705962734,1189.9508025617251,nan,1,4.6585173084188485e-261,True,chi-bar² heuristic; k=1
D3,Dataset 3,89,Z+P+NB,ZIP--ZINB,-29284.706072355606,-29257.425705962734,54.56073278574331,2,0,1.4199969490533617e-12,True,chi²(df=2; shared inflation gamma_z=gamma_nb)
D3,Dataset 3,87,Poisson,ZIP--ZINB,-72659.94123736168,-28918.928529559213,87482.02541560493,nan,2,0.0,True,chi-bar² heuristic; k=2
D3,Dataset 3,87,NB,ZIP--ZINB,-33113.417376817,-28918.928529559213,8388.977694515575,nan,2,0.0,True,chi-bar² heuristic; k=2
D3,Dataset 3,87,P+NB,ZIP--ZINB,-32364.73171935131,-28918.928529559213,6891.606379584198,nan,2,0.0,True,chi-bar² heuristic; k=2
D3,Dataset 3,87,ZIP,ZIP--ZINB,-42117.17818282754,-28918.928529559213,26396.499306536658,nan,1,0.0,True,chi-bar² heuristic; k=1
D3,Dataset 3,87,ZINB,ZIP--ZINB,-29479.496868074733,-28918.928529559213,1121.1366770310415,nan,1,4.2068606732805866e-246,True,chi-bar² heuristic; k=1
D3,Dataset 3,87,Z+P+NB,ZIP--ZINB,-28933.39284850892,-28918.928529559213,28.928637899414753,2,0,5.22668221600636e-07,True,chi²(df=2; shared inflation gamma_z=gamma_nb)
D3,Dataset 3,88,Poisson,ZIP--ZINB,-72640.44428595307,-29265.891043728923,86749.10648444829,nan,2,0.0,True,chi-bar² heuristic; k=2
D3,Dataset 3,88,NB,ZIP--ZINB,-33384.9709936031,-29265.891043728923,8238.159899748352,nan,2,0.0,True,chi-bar² heuristic; k=2
D3,Dataset 3,88,P+NB,ZIP--ZINB,-32623.904340341716,-29265.891043728923,6716.026593225586,nan,2,0.0,True,chi-bar² heuristic; k=2
D3,Dataset 3,88,ZIP,ZIP--ZINB,-42389.18904469242,-29265.891043728923,26246.596001927,nan,1,0.0,True,chi-bar² heuristic; k=1
D3,Dataset 3,88,ZINB,ZIP--ZINB,-29853.572467284193,-29265.891043728923,1175.3628471105403,nan,1,6.896932948171962e-258,True,chi-bar² heuristic; k=1
D3,Dataset 3,88,Z+P+NB,ZIP--ZINB,-29284.68712880426,-29265.891043728923,37.592170150674065,2,0,6.8701144233799595e-09,True,chi²(df=2; shared inflation gamma_z=gamma_nb)
D3,Dataset 3,85,Poisson,ZIP--ZINB,-73040.92269417751,-29102.43634504192,87876.97269827119,nan,2,0.0,True,chi-bar² heuristic; k=2
D3,Dataset 3,85,NB,ZIP--ZINB,-32939.41324465495,-29102.43634504192,7673.953799226059,nan,2,0.0,True,chi-bar² heuristic; k=2
D3,Dataset 3,85,P+NB,ZIP--ZINB,-32298.44288133717,-29102.43634504192,6392.013072590504,nan,2,0.0,True,chi-bar² heuristic; k=2
D3,Dataset 3,85,ZIP,ZIP--ZINB,-42729.62819147376,-29102.43634504192,27254.38369286369,nan,1,0.0,True,chi-bar² heuristic; k=1
D3,Dataset 3,85,ZINB,ZIP--ZINB,-29624.93054717577,-29102.43634504192,1044.9884042677004,nan,1,1.4948269159165637e-229,True,chi-bar² heuristic; k=1
D3,Dataset 3,85,Z+P+NB,ZIP--ZINB,-29123.250495254477,-29102.43634504192,41.62830042511632,2,0,9.131232841168517e-10,True,chi²(df=2; shared inflation gamma_z=gamma_nb)
D3,Dataset 3,92,Poisson,ZIP--ZINB,-72384.43677446383,-28942.065490376404,86884.74256817484,nan,2,0.0,True,chi-bar² heuristic; k=2
D3,Dataset 3,92,NB,ZIP--ZINB,-33080.69236281232,-28942.065490376404,8277.253744871829,nan,2,0.0,True,chi-bar² heuristic; k=2
D3,Dataset 3,92,P+NB,ZIP--ZINB,-32375.968814099433,-28942.065490376404,6867.8066474460575,nan,2,0.0,True,chi-bar² heuristic; k=2
D3,Dataset 3,92,ZIP,ZIP--ZINB,-41822.80606867054,-28942.065490376404,25761.481156588277,nan,1,0.0,True,chi-bar² heuristic; k=1
D3,Dataset 3,92,ZINB,ZIP--ZINB,-29455.582265718847,-28942.065490376404,1027.033550684886,nan,1,1.1945216230416365e-225,True,chi-bar² heuristic; k=1
D3,Dataset 3,92,Z+P+NB,ZIP--ZINB,-28965.798372749254,-28942.065490376404,47.465764745698834,2,0,4.9310583974051044e-11,True,chi²(df=2; shared inflation gamma_z=gamma_nb)
D3,Dataset 3,97,Poisson,ZIP--ZINB,-73654.7363839745,-29120.695413447927,89068.08194105313,nan,2,0.0,True,chi-bar² heuristic; k=2
D3,Dataset 3,97,NB,ZIP--ZINB,-33146.63273868637,-29120.695413447927,8051.874650476886,nan,2,0.0,True,chi-bar² heuristic; k=2
D3,Dataset 3,97,P+NB,ZIP--ZINB,-32386.197922584564,-29120.695413447927,6531.005018273274,nan,2,0.0,True,chi-bar² heuristic; k=2
D3,Dataset 3,97,ZIP,ZIP--ZINB,-42869.37859947629,-29120.695413447927,27497.36637205672,nan,1,0.0,True,chi-bar² heuristic; k=1
D3,Dataset 3,97,ZINB,ZIP--ZINB,-29726.447912624448,-29120.695413447927,1211.5049983530407,nan,1,9.636557802860265e-266,True,chi-bar² heuristic; k=1
D3,Dataset 3,97,Z+P+NB,ZIP--ZINB,-29145.44071041538,-29120.695413447927,49.49059393490461,2,0,1.7916537132082028e-11,True,chi²(df=2; shared inflation gamma_z=gamma_nb)
D3,Dataset 3,91,Poisson,ZIP--ZINB,-72066.393737792,-28997.983686943666,86136.82010169665,nan,2,0.0,True,chi-bar² heuristic; k=2
D3,Dataset 3,91,NB,ZIP--ZINB,-33110.55632662514,-28997.983686943666,8225.14527936295,nan,2,0.0,True,chi-bar² heuristic; k=2
D3,Dataset 3,91,P+NB,ZIP--ZINB,-32451.34967868933,-28997.983686943666,6906.731983491329,nan,2,0.0,True,chi-bar² heuristic; k=2
D3,Dataset 3,91,ZIP,ZIP--ZINB,-41655.29333482988,-28997.983686943666,25314.619295772434,nan,1,0.0,True,chi-bar² heuristic; k=1
D3,Dataset 3,91,ZINB,ZIP--ZINB,-29521.196882852106,-28997.983686943666,1046.42639181688,nan,1,7.278432222994572e-230,True,chi-bar² heuristic; k=1
D3,Dataset 3,91,Z+P+NB,ZIP--ZINB,-29017.36213411262,-28997.983686943666,38.75689433790831,2,0,3.837490617626915e-09,True,chi²(df=2; shared inflation gamma_z=gamma_nb)
D3,Dataset 3,94,Poisson,ZIP--ZINB,-72359.32746265698,-28890.54283339998,86937.56925851399,nan,2,0.0,True,chi-bar² heuristic; k=2
D3,Dataset 3,94,NB,ZIP--ZINB,-32912.498598637925,-28890.54283339998,8043.911530475889,nan,2,0.0,True,chi-bar² heuristic; k=2
D3,Dataset 3,94,P+NB,ZIP--ZINB,-32244.39251833529,-28890.54283339998,6707.699369870621,nan,2,0.0,True,chi-bar² heuristic; k=2
D3,Dataset 3,94,ZIP,ZIP--ZINB,-42444.10006348103,-28890.54283339998,27107.114460162105,nan,1,0.0,True,chi-bar² heuristic; k=1
D3,Dataset 3,94,ZINB,ZIP--ZINB,-29424.01935883696,-28890.54283339998,1066.9530508739554,nan,1,2.51489638380861e-234,True,chi-bar² heuristic; k=1
D3,Dataset 3,94,Z+P+NB,ZIP--ZINB,-28906.870605157335,-28890.54283339998,32.65554351470928,2,0,8.108468315452989e-08,True,chi²(df=2; shared inflation gamma_z=gamma_nb)
D3,Dataset 3,90,Poisson,ZIP--ZINB,-73958.90768513079,-29107.42789127181,89702.95958771795,nan,2,0.0,True,chi-bar² heuristic; k=2
D3,Dataset 3,90,NB,ZIP--ZINB,-33017.29734459115,-29107.42789127181,7819.738906638675,nan,2,0.0,True,chi-bar² heuristic; k=2
D3,Dataset 3,90,P+NB,ZIP--ZINB,-32311.53689662138,-29107.42789127181,6408.218010699136,nan,2,0.0,True,chi-bar² heuristic; k=2
D3,Dataset 3,90,ZIP,ZIP--ZINB,-42894.93004092172,-29107.42789127181,27575.004299299813,nan,1,0.0,True,chi-bar² heuristic; k=1
D3,Dataset 3,90,ZINB,ZIP--ZINB,-29670.311072809476,-29107.42789127181,1125.7663630753304,nan,1,4.147069464801399e-247,True,chi-bar² heuristic; k=1
D3,Dataset 3,90,Z+P+NB,ZIP--ZINB,-29120.01446460801,-29107.42789127181,25.173146672401344,2,0,3.417595459447725e-06,True,chi²(df=2; shared inflation gamma_z=gamma_nb)
D3,Dataset 3,95,Poisson,ZIP--ZINB,-74299.76200797572,-29531.321971866946,89536.88007221755,nan,2,0.0,True,chi-bar² heuristic; k=2
D3,Dataset 3,95,NB,ZIP--ZINB,-33547.90665927466,-29531.321971866946,8033.1693748154285,nan,2,0.0,True,chi-bar² heuristic; k=2
D3,Dataset 3,95,P+NB,ZIP--ZINB,-32902.097999630336,-29531.321971866946,6741.552055526779,nan,2,0.0,True,chi-bar² heuristic; k=2
D3,Dataset 3,95,ZIP,ZIP--ZINB,-43767.29431244243,-29531.321971866946,28471.944681150962,nan,1,0.0,True,chi-bar² heuristic; k=1
D3,Dataset 3,95,ZINB,ZIP--ZINB,-30072.186236879967,-29531.321971866946,1081.728530026041,nan,1,1.545555523868557e-237,True,chi-bar² heuristic; k=1
D3,Dataset 3,95,Z+P+NB,ZIP--ZINB,-29552.791625557125,-29531.321971866946,42.939307380358514,2,0,4.740758953971157e-10,True,chi²(df=2; shared inflation gamma_z=gamma_nb)
D3,Dataset 3,93,Poisson,ZIP--ZINB,-74267.44934656014,-29100.70742023139,90333.4838526575,nan,2,0.0,True,chi-bar² heuristic; k=2
D3,Dataset 3,93,NB,ZIP--ZINB,-33128.18428880267,-29100.70742023139,8054.953737142569,nan,2,0.0,True,chi-bar² heuristic; k=2
D3,Dataset 3,93,P+NB,ZIP--ZINB,-32416.852959558597,-29100.70742023139,6632.291078654416,nan,2,0.0,True,chi-bar² heuristic; k=2
D3,Dataset 3,93,ZIP,ZIP--ZINB,-42928.93737593699,-29100.70742023139,27656.459911411206,nan,1,0.0,True,chi-bar² heuristic; k=1
D3,Dataset 3,93,ZINB,ZIP--ZINB,-29666.307255895317,-29100.70742023139,1131.1996713278568,nan,1,2.7344485571819823e-248,True,chi-bar² heuristic; k=1
D3,Dataset 3,93,Z+P+NB,ZIP--ZINB,-29120.7189261475,-29100.70742023139,40.02301183222153,2,0,2.037574074053351e-09,True,chi²(df=2; shared inflation gamma_z=gamma_nb)
D3,Dataset 3,98,Poisson,ZIP--ZINB,-73098.74842592956,-29425.417987833876,87346.66087619137,nan,2,0.0,True,chi-bar² heuristic; k=2
D3,Dataset 3,98,NB,ZIP--ZINB,-33395.33269828587,-29425.417987833876,7939.829420903989,nan,2,0.0,True,chi-bar² heuristic; k=2
D3,Dataset 3,98,P+NB,ZIP--ZINB,-32736.999779171107,-29425.417987833876,6623.1635826744605,nan,2,0.0,True,chi-bar² heuristic; k=2
D3,Dataset 3,98,ZIP,ZIP--ZINB,-42939.56082398089,-29425.417987833876,27028.285672294034,nan,1,0.0,True,chi-bar² heuristic; k=1
D3,Dataset 3,98,ZINB,ZIP--ZINB,-29934.445382430175,-29425.417987833876,1018.0547891925962,nan,1,1.0685880901828681e-223,True,chi-bar² heuristic; k=1
D3,Dataset 3,98,Z+P+NB,ZIP--ZINB,-29439.414209104587,-29425.417987833876,27.992442541421042,2,0,8.346767851282524e-07,True,chi²(df=2; shared inflation gamma_z=gamma_nb)
D3,Dataset 3,96,Poisson,ZIP--ZINB,-73526.16210271184,-29222.554705792027,88607.21479383962,nan,2,0.0,True,chi-bar² heuristic; k=2
D3,Dataset 3,96,NB,ZIP--ZINB,-33334.85423625327,-29222.554705792027,8224.599060922483,nan,2,0.0,True,chi-bar² heuristic; k=2
D3,Dataset 3,96,P+NB,ZIP--ZINB,-32598.395116920834,-29222.554705792027,6751.680822257615,nan,2,0.0,True,chi-bar² heuristic; k=2
D3,Dataset 3,96,ZIP,ZIP--ZINB,-42686.78195827571,-29222.554705792027,26928.45450496736,nan,1,0.0,True,chi-bar² heuristic; k=1
D3,Dataset 3,96,ZINB,ZIP--ZINB,-29804.208869122853,-29222.554705792027,1163.3083266616522,nan,1,2.8740651506832138e-255,True,chi-bar² heuristic; k=1
D3,Dataset 3,96,Z+P+NB,ZIP--ZINB,-29243.2125405837,-29222.554705792027,41.31566958334588,2,0,1.0676191173910313e-09,True,chi²(df=2; shared inflation gamma_z=gamma_nb)
D3,Dataset 3,99,Poisson,ZIP--ZINB,-74760.52886011667,-29552.61223599696,90415.83324823942,nan,2,0.0,True,chi-bar² heuristic; k=2
D3,Dataset 3,99,NB,ZIP--ZINB,-33753.4638955964,-29552.61223599696,8401.703319198874,nan,2,0.0,True,chi-bar² heuristic; k=2
D3,Dataset 3,99,P+NB,ZIP--ZINB,-32983.36287489857,-29552.61223599696,6861.501277803225,nan,2,0.0,True,chi-bar² heuristic; k=2
D3,Dataset 3,99,ZIP,ZIP--ZINB,-43277.21301303562,-29552.61223599696,27449.20155407733,nan,1,0.0,True,chi-bar² heuristic; k=1
D3,Dataset 3,99,ZINB,ZIP--ZINB,-30109.854261953624,-29552.61223599696,1114.4840519133286,nan,1,1.1744847101513851e-244,True,chi-bar² heuristic; k=1
D3,Dataset 3,99,Z+P+NB,ZIP--ZINB,-29572.400143023016,-29552.61223599696,39.575814052113856,2,0,2.548127589655917e-09,True,chi²(df=2; shared inflation gamma_z=gamma_nb)
