Scenario,Dataset,Rep,Model,fit_elapsed_sec,success,nit,llf,aic,bic
D4,Dataset 4,12,Poisson,1.081902027130127,True,7,-70173.67545512489,140351.35091024978,140367.15788535486
D4,Dataset 4,12,NB,1.3636140823364258,True,8,-43030.26396171945,86066.5279234389,86090.2383860965
D4,Dataset 4,12,ZIP,7.327696800231934,True,14,-46491.44409921619,92990.88819843238,93022.50214864252
D4,Dataset 4,12,ZINB,3.5787746906280518,True,13,-40061.02170398953,80132.04340797906,80171.56084574174
D4,Dataset 4,12,P+NB,11.549558639526367,True,30,-41186.95104865062,82385.90209730124,82433.32302261646
D4,Dataset 4,12,Z+P+NB,25.037637948989868,True,14,-39822.095298709726,79660.19059741945,79723.41849783974
D4,Dataset 4,12,ZIP--ZINB,39.73915457725525,True,31,-39799.28413122487,79618.56826244974,79697.60313797511
D4,Dataset 4,3,Poisson,1.0241777896881104,True,6,-70802.83687267962,141609.67374535924,141625.48072046431
D4,Dataset 4,3,NB,1.4223601818084717,True,12,-43329.71604909638,86665.43209819276,86689.14256085036
D4,Dataset 4,3,ZIP,3.9814982414245605,True,12,-46638.9294584795,93285.858916959,93317.47286716914
D4,Dataset 4,3,ZINB,2.7093257904052734,True,14,-40338.13773222329,80686.27546444657,80725.79290220926
D4,Dataset 4,3,P+NB,9.535707235336304,True,27,-41390.684350503136,82793.36870100627,82840.7896263215
D4,Dataset 4,3,Z+P+NB,20.773879528045654,True,12,-40080.899385340985,80177.79877068197,80241.02667110226
D4,Dataset 4,3,ZIP--ZINB,34.351208448410034,True,17,-40056.68471731565,80133.3694346313,80212.40431015666
D4,Dataset 4,2,Poisson,0.6448392868041992,True,6,-69817.28541912811,139638.57083825622,139654.3778133613
D4,Dataset 4,2,NB,1.4564542770385742,True,8,-43251.2244671088,86508.4489342176,86532.1593968752
D4,Dataset 4,2,ZIP,5.190590858459473,True,14,-46362.001598969386,92732.00319793877,92763.61714814891
D4,Dataset 4,2,ZINB,6.4357311725616455,True,25,-40237.465308301806,80484.93061660361,80524.4480543663
D4,Dataset 4,2,P+NB,9.568261861801147,True,23,-41447.99590573265,82907.9918114653,82955.41273678052
D4,Dataset 4,2,Z+P+NB,19.938196897506714,True,18,-40075.024181192,80166.048362384,80229.27626280428
D4,Dataset 4,2,ZIP--ZINB,26.41851258277893,True,24,-40045.36521752276,80110.73043504552,80189.76531057089
D4,Dataset 4,5,Poisson,0.9207780361175537,True,8,-70585.84595893414,141175.69191786827,141191.49889297335
D4,Dataset 4,5,NB,1.4173526763916016,True,8,-43319.95425211093,86645.90850422186,86669.61896687947
D4,Dataset 4,5,ZIP,3.742683172225952,True,13,-46674.86802626968,93357.73605253936,93389.3500027495
D4,Dataset 4,5,ZINB,9.801095247268677,True,44,-40397.618834655266,80805.23766931053,80844.75510707322
D4,Dataset 4,5,P+NB,12.201504468917847,True,41,-41506.73646567983,83025.47293135966,83072.89385667488
D4,Dataset 4,5,Z+P+NB,19.10294222831726,True,12,-40213.35208979438,80442.70417958876,80505.93208000905
D4,Dataset 4,5,ZIP--ZINB,46.04389238357544,True,24,-40199.389828871994,80418.77965774399,80497.81453326935
D4,Dataset 4,10,Poisson,0.7638239860534668,True,5,-70631.66993808444,141267.33987616887,141283.14685127395
D4,Dataset 4,10,NB,1.959625244140625,True,15,-43439.151113308406,86884.30222661681,86908.01268927442
D4,Dataset 4,10,ZIP,4.033030271530151,True,14,-47084.189385707854,94176.37877141571,94207.99272162585
D4,Dataset 4,10,ZINB,4.620830774307251,True,19,-40481.82194497944,80973.64388995888,81013.16132772157
D4,Dataset 4,10,P+NB,12.021142721176147,True,39,-41609.38967327979,83230.77934655958,83278.2002718748
D4,Dataset 4,10,Z+P+NB,22.596408128738403,True,60,-40239.02847380215,80494.0569476043,80557.28484802459
D4,Dataset 4,10,ZIP--ZINB,32.41749835014343,True,18,-40228.39108280604,80476.78216561208,80555.81704113744
D4,Dataset 4,14,Poisson,0.5118024349212646,True,7,-71196.76858328338,142397.53716656676,142413.34414167184
D4,Dataset 4,14,NB,2.1789357662200928,True,15,-43155.873667247855,86317.74733449571,86341.45779715331
D4,Dataset 4,14,ZIP,4.821962118148804,True,12,-47112.20947976553,94232.41895953106,94264.0329097412
D4,Dataset 4,14,ZINB,3.6532022953033447,True,16,-40262.000187316546,80534.00037463309,80573.51781239577
D4,Dataset 4,14,P+NB,11.077717065811157,True,41,-41396.232579082774,82804.46515816555,82851.88608348077
D4,Dataset 4,14,Z+P+NB,17.393009185791016,True,55,-40050.432712733505,80116.86542546701,80180.0933258873
D4,Dataset 4,14,ZIP--ZINB,46.107197523117065,True,16,-40027.53145750408,80075.06291500817,80154.09779053353
D4,Dataset 4,6,Poisson,0.5981898307800293,True,6,-70419.9408368571,140843.8816737142,140859.68864881928
D4,Dataset 4,6,NB,2.3068811893463135,True,13,-43484.910547179126,86975.82109435825,86999.53155701586
D4,Dataset 4,6,ZIP,4.602985858917236,True,12,-47130.718351053794,94269.43670210759,94301.05065231773
D4,Dataset 4,6,ZINB,6.056521892547607,True,16,-40589.165814699394,81188.33162939879,81227.84906716147
D4,Dataset 4,6,P+NB,12.618906736373901,True,28,-41661.824281832574,83335.64856366515,83383.06948898037
D4,Dataset 4,6,Z+P+NB,21.248509168624878,True,22,-40358.69664396798,80733.39328793596,80796.62118835625
D4,Dataset 4,6,ZIP--ZINB,39.49088168144226,True,80,-40339.02317316372,80698.04634632744,80777.0812218528
D4,Dataset 4,11,Poisson,0.8789148330688477,True,7,-70213.4140935043,140430.8281870086,140446.63516211367
D4,Dataset 4,11,NB,1.4131410121917725,True,15,-43480.25501661501,86966.51003323002,86990.22049588762
D4,Dataset 4,11,ZIP,4.3009724617004395,True,13,-46701.894213441396,93411.78842688279,93443.40237709293
D4,Dataset 4,11,ZINB,8.554571151733398,True,16,-40540.30730260522,81090.61460521045,81130.13204297313
D4,Dataset 4,11,P+NB,11.85202145576477,True,36,-41618.561767148254,83249.12353429651,83296.54445961173
D4,Dataset 4,11,Z+P+NB,24.78066897392273,True,14,-40309.457071129385,80634.91414225877,80698.14204267906
D4,Dataset 4,11,ZIP--ZINB,42.72685647010803,True,17,-40290.697067609304,80601.39413521861,80680.42901074397
D4,Dataset 4,8,Poisson,1.1272499561309814,True,11,-70536.89723017134,141077.79446034267,141093.60143544775
D4,Dataset 4,8,NB,1.7819969654083252,True,8,-43208.42822927162,86422.85645854325,86446.56692120085
D4,Dataset 4,8,ZIP,5.934805154800415,True,12,-46600.95269681519,93209.90539363038,93241.51934384053
D4,Dataset 4,8,ZINB,2.8244714736938477,True,19,-40322.41107120377,80654.82214240755,80694.33958017023
D4,Dataset 4,8,P+NB,9.242013216018677,True,28,-41358.004570877456,82728.00914175491,82775.43006707013
D4,Dataset 4,8,Z+P+NB,19.536367893218994,True,12,-40110.917994710864,80237.83598942173,80301.06388984201
D4,Dataset 4,8,ZIP--ZINB,38.348785161972046,True,14,-40093.763327306675,80207.52665461335,80286.56153013872
D4,Dataset 4,4,Poisson,0.5446608066558838,True,9,-71585.93771788455,143175.8754357691,143191.68241087417
D4,Dataset 4,4,NB,1.9726266860961914,True,7,-43208.95660035638,86423.91320071276,86447.62366337037
D4,Dataset 4,4,ZIP,4.176181793212891,True,13,-47029.90550415776,94067.81100831552,94099.42495852566
D4,Dataset 4,4,ZINB,11.259501934051514,True,43,-40276.42115007655,80562.8423001531,80602.35973791579
D4,Dataset 4,4,P+NB,11.293578386306763,True,27,-41395.882998020796,82803.76599604159,82851.18692135681
D4,Dataset 4,4,Z+P+NB,24.34252095222473,True,13,-40053.25140075366,80122.50280150732,80185.7307019276
D4,Dataset 4,4,ZIP--ZINB,37.67434215545654,True,27,-40039.424518003274,80098.84903600655,80177.88391153191
D4,Dataset 4,0,Poisson,0.8400924205780029,True,7,-69579.61039225351,139163.22078450702,139179.0277596121
D4,Dataset 4,0,NB,1.6962130069732666,True,14,-42797.19744679434,85600.39489358867,85624.10535624628
D4,Dataset 4,0,ZIP,5.410964250564575,True,12,-45915.94197687391,91839.88395374782,91871.49790395796
D4,Dataset 4,0,ZINB,5.0034027099609375,True,18,-39838.724708263835,79687.44941652767,79726.96685429035
D4,Dataset 4,0,P+NB,13.890899419784546,True,28,-40930.35047000382,81872.70094000763,81920.12186532286
D4,Dataset 4,0,Z+P+NB,24.75766372680664,True,12,-39611.21108598021,79238.42217196042,79301.65007238071
D4,Dataset 4,0,ZIP--ZINB,40.99372696876526,True,16,-39595.161592908626,79210.32318581725,79289.35806134262
D4,Dataset 4,1,Poisson,0.5481550693511963,True,7,-70825.7268852373,141655.4537704746,141671.26074557967
D4,Dataset 4,1,NB,1.5551142692565918,True,14,-43352.288129783636,86710.57625956727,86734.28672222488
D4,Dataset 4,1,ZIP,4.12157678604126,True,11,-46660.4436220623,93328.8872441246,93360.50119433475
D4,Dataset 4,1,ZINB,4.187915563583374,True,14,-40345.67007346744,80701.34014693488,80740.85758469756
D4,Dataset 4,1,P+NB,11.591593742370605,True,30,-41384.6714916471,82781.3429832942,82828.76390860943
D4,Dataset 4,1,Z+P+NB,20.041032075881958,True,17,-40093.859483366534,80203.71896673307,80266.94686715335
D4,Dataset 4,1,ZIP--ZINB,32.6020393371582,True,18,-40045.705370642514,80111.41074128503,80190.4456168104
D4,Dataset 4,7,Poisson,0.4426238536834717,True,7,-71365.85972937128,142735.71945874256,142751.52643384764
D4,Dataset 4,7,NB,1.6898791790008545,True,15,-43231.71467083099,86469.42934166198,86493.13980431958
D4,Dataset 4,7,ZIP,6.002395868301392,True,11,-46967.88353057575,93943.7670611515,93975.38101136165
D4,Dataset 4,7,ZINB,5.154298543930054,True,20,-40327.21713755717,80664.43427511434,80703.95171287702
D4,Dataset 4,7,P+NB,10.110694408416748,True,42,-41384.78086309702,82781.56172619404,82828.98265150926
D4,Dataset 4,7,Z+P+NB,20.728203773498535,True,14,-40083.58054137081,80183.16108274162,80246.3889831619
D4,Dataset 4,7,ZIP--ZINB,33.920865058898926,True,20,-40053.11363265794,80126.22726531589,80205.26214084125
D4,Dataset 4,13,Poisson,0.6164917945861816,True,8,-70896.69525917764,141797.39051835527,141813.19749346035
D4,Dataset 4,13,NB,1.181152582168579,True,14,-43389.788531192644,86785.57706238529,86809.28752504289
D4,Dataset 4,13,ZIP,5.68519139289856,True,10,-46683.180616181926,93374.36123236385,93405.975182574
D4,Dataset 4,13,ZINB,4.115244626998901,True,12,-40419.63278875648,80849.26557751295,80888.78301527564
D4,Dataset 4,13,P+NB,11.132680416107178,True,33,-41443.50874113591,82899.01748227183,82946.43840758705
D4,Dataset 4,13,Z+P+NB,20.832260608673096,True,13,-40170.12305340246,80356.24610680492,80419.4740072252
D4,Dataset 4,13,ZIP--ZINB,43.21751141548157,True,16,-40151.37730830798,80322.75461661596,80401.78949214132
D4,Dataset 4,9,Poisson,0.9057652950286865,True,9,-70444.4346443998,140892.8692887996,140908.67626390466
D4,Dataset 4,9,NB,1.4059264659881592,True,7,-43370.636926486026,86747.27385297205,86770.98431562966
D4,Dataset 4,9,ZIP,5.095125436782837,True,13,-46639.03988234048,93286.07976468097,93317.69371489111
D4,Dataset 4,9,ZINB,5.216885328292847,True,13,-40428.90420714262,80867.80841428525,80907.32585204793
D4,Dataset 4,9,P+NB,12.64686107635498,True,30,-41530.43487491787,83072.86974983574,83120.29067515096
D4,Dataset 4,9,Z+P+NB,20.059866189956665,True,55,-40217.384144010925,80450.76828802185,80513.99618844214
D4,Dataset 4,9,ZIP--ZINB,32.063777685165405,True,22,-40193.35570240828,80406.71140481655,80485.74628034192
D4,Dataset 4,15,Poisson,1.1893389225006104,True,14,-70185.5608069261,140375.1216138522,140390.9285889573
D4,Dataset 4,15,NB,1.6800804138183594,True,7,-43099.55063487505,86205.1012697501,86228.8117324077
D4,Dataset 4,15,ZIP,4.0709614753723145,True,14,-46483.475345157916,92974.95069031583,93006.56464052598
D4,Dataset 4,15,ZINB,4.382347106933594,True,13,-40199.37228125323,80408.74456250646,80448.26200026914
D4,Dataset 4,15,P+NB,10.747575044631958,True,40,-41304.06884453801,82620.13768907601,82667.55861439124
D4,Dataset 4,15,Z+P+NB,19.554839611053467,True,23,-39999.45432743523,80014.90865487047,80078.13655529075
D4,Dataset 4,15,ZIP--ZINB,32.07674050331116,True,21,-39971.080870656144,79962.16174131229,80041.19661683765
D4,Dataset 4,18,Poisson,0.9852919578552246,True,7,-70080.86373259532,140165.72746519063,140181.5344402957
D4,Dataset 4,18,NB,2.7449231147766113,True,8,-43259.89796549486,86525.79593098973,86549.50639364733
D4,Dataset 4,18,ZIP,4.373929738998413,True,12,-46873.02184726244,93754.04369452488,93785.65764473502
D4,Dataset 4,18,ZINB,3.571420907974243,True,16,-40375.9720097999,80761.9440195998,80801.46145736249
D4,Dataset 4,18,P+NB,10.773361444473267,True,37,-41499.975283227956,83011.95056645591,83059.37149177113
D4,Dataset 4,18,Z+P+NB,24.41516351699829,True,33,-40161.735639094004,80339.47127818801,80402.6991786083
D4,Dataset 4,18,ZIP--ZINB,41.17314791679382,True,28,-40146.64720832114,80313.29441664228,80392.32929216765
D4,Dataset 4,16,Poisson,0.7781796455383301,True,8,-69117.36555669297,138238.73111338593,138254.538088491
D4,Dataset 4,16,NB,1.70735502243042,True,13,-42641.651841631035,85289.30368326207,85313.01414591967
D4,Dataset 4,16,ZIP,4.9642674922943115,True,13,-45758.932006701885,91525.86401340377,91557.47796361391
D4,Dataset 4,16,ZINB,6.17218542098999,True,15,-39656.463158104474,79322.92631620895,79362.44375397163
D4,Dataset 4,16,P+NB,12.43374490737915,True,22,-40815.835416507754,81643.67083301551,81691.09175833073
D4,Dataset 4,16,Z+P+NB,20.786560773849487,True,13,-39410.94526100545,78837.8905220109,78901.11842243119
D4,Dataset 4,16,ZIP--ZINB,48.719239473342896,True,16,-39392.26874103356,78804.53748206711,78883.57235759248
D4,Dataset 4,17,Poisson,0.6078972816467285,True,7,-70148.02421967831,140300.04843935661,140315.8554144617
D4,Dataset 4,17,NB,1.5509021282196045,True,7,-43183.98643791622,86373.97287583243,86397.68333849004
D4,Dataset 4,17,ZIP,5.215267896652222,True,12,-46256.41054739992,92520.82109479985,92552.43504500999
D4,Dataset 4,17,ZINB,5.1360390186309814,True,18,-40170.01062465169,80350.02124930338,80389.53868706606
D4,Dataset 4,17,P+NB,11.479253053665161,True,32,-41280.795883362705,82573.59176672541,82621.01269204063
D4,Dataset 4,17,Z+P+NB,20.8937566280365,True,12,-39959.14633295357,79934.29266590714,79997.52056632742
D4,Dataset 4,17,ZIP--ZINB,38.25532078742981,True,16,-39931.71174482851,79883.42348965703,79962.45836518239
D4,Dataset 4,19,Poisson,0.6740953922271729,True,6,-70110.01779444708,140224.03558889416,140239.84256399923
D4,Dataset 4,19,NB,1.7521376609802246,True,8,-43414.197097602126,86834.39419520425,86858.10465786186
D4,Dataset 4,19,ZIP,4.271887540817261,True,13,-46838.48108560599,93684.96217121198,93716.57612142213
D4,Dataset 4,19,ZINB,4.144923210144043,True,17,-40429.23034814079,80868.46069628157,80907.97813404426
D4,Dataset 4,19,P+NB,9.690195083618164,True,29,-41553.9526714617,83119.9053429234,83167.32626823863
D4,Dataset 4,19,Z+P+NB,22.753097534179688,True,22,-40205.478146134534,80426.95629226907,80490.18419268935
D4,Dataset 4,19,ZIP--ZINB,37.996943950653076,True,25,-40171.32485965741,80362.64971931482,80441.68459484019
